;feat_0;feat_1;feat_2;feat_3;feat_4;feat_5;feat_6;feat_7;feat_8;feat_9;feat_10;feat_11;feat_12;feat_13;feat_14;feat_15;feat_16;feat_17;feat_18;feat_19;feat_20;feat_21;feat_22;feat_23;feat_24;feat_25;feat_26;feat_27;feat_28;feat_29;feat_30;feat_31;feat_32;feat_33;feat_34;feat_35;feat_36;feat_37;feat_38;feat_39;feat_40;feat_41;feat_42;feat_43;feat_44;feat_45;feat_46;feat_47
0;0,84;0,91;0,94;1,02;1,19;1,39;1,51;1,57;1,58;1,55;1,49;1,41;1,33;1,26;1,22;1,27;1,3;1,3;1,29;1,26;1,24;1,21;1,2;1,21;1,24;1,27;1,28;1,29;1,28;1,26;1,24;1,23;1,24;1,24;1,24;1,23;1,21;1,2;1,21;1,21;1,23;1,22;1,22;1,26;1,28;1,25;1,22;1,22
1;1,58;1,54;1,48;1,42;1,34;1,26;1,19;1,19;1,24;1,24;1,24;1,25;1,23;1,2;1,17;1,18;1,21;1,27;1,29;1,29;1,29;1,27;1,26;1,29;1,32;1,32;1,3;1,3;1,31;1,29;1,28;1,25;1,23;1,24;1,28;1,3;1,3;1,27;1,23;1,22;1,21;1,18;1,16;1,16;1,15;1,16;1,18;1,22
2;1,24;1,23;1,23;1,22;1,19;1,16;1,13;1,13;1,16;1,2;1,23;1,23;1,23;1,23;1,27;1,3;1,34;1,37;1,38;1,38;1,36;1,36;1,37;1,4;1,46;1,45;1,42;1,39;1,36;1,32;1,27;1,23;1,21;1,21;1,2;1,21;1,21;1,2;1,19;1,21;1,25;1,26;1,27;1,29;1,3;1,3;1,3;1,29
3;1,16;1,21;1,27;1,28;1,28;1,28;1,28;1,3;1,31;1,31;1,3;1,33;1,36;1,35;1,35;1,39;1,43;1,44;1,42;1,39;1,35;1,32;1,29;1,28;1,26;1,23;1,2;1,18;1,18;1,2;1,21;1,23;1,23;1,24;1,24;1,26;1,28;1,29;1,3;1,3;1,29;1,3;1,36;1,4;1,38;1,34;1,3;1,28
4;1,31;1,3;1,31;1,34;1,36;1,36;1,38;1,43;1,48;1,48;1,45;1,43;1,39;1,34;1,31;1,31;1,32;1,31;1,29;1,26;1,24;1,23;1,23;1,24;1,27;1,28;1,28;1,28;1,28;1,29;1,31;1,33;1,33;1,32;1,33;1,34;1,36;1,37;1,36;1,35;1,33;1,3;1,26;1,26;1,26;1,26;1,25;1,24
5;1,48;1,51;1,49;1,46;1,41;1,36;1,32;1,3;1,31;1,31;1,29;1,28;1,26;1,25;1,24;1,25;1,28;1,28;1,27;1,29;1,3;1,3;1,33;1,39;1,44;1,45;1,44;1,44;1,42;1,39;1,38;1,37;1,37;1,36;1,35;1,38;1,38;1,34;1,3;1,3;1,29;1,29;1,29;1,28;1,27;1,26;1,27;1,26
6;1,31;1,3;1,28;1,26;1,24;1,24;1,24;1,25;1,28;1,29;1,28;1,29;1,31;1,34;1,38;1,42;1,43;1,43;1,42;1,4;1,37;1,33;1,3;1,3;1,31;1,31;1,29;1,26;1,22;1,19;1,19;1,19;1,18;1,15;1,13;1,11;1,1;1,1;1,09;1,1;1,11;1,11;1,11;1,09;1,07;1,07;1,07;1,1
7;1,28;1,29;1,3;1,3;1,31;1,34;1,41;1,45;1,46;1,45;1,44;1,41;1,37;1,33;1,3;1,28;1,28;1,28;1,28;1,27;1,26;1,23;1,2;1,16;1,14;1,12;1,13;1,13;1,12;1,12;1,11;1,12;1,11;1,11;1,1;1,09;1,08;1,06;1,04;1,04;1,06;1,08;1,11;1,16;1,18;1,15;1,12;1,11
8;1,46;1,46;1,45;1,43;1,39;1,34;1,32;1,33;1,33;1,3;1,27;1,25;1,23;1,21;1,18;1,16;1,14;1,13;1,12;1,12;1,11;1,11;1,11;1,12;1,13;1,14;1,15;1,13;1,1;1,07;1,05;1,11;1,15;1,14;1,15;1,13;1,12;1,13;1,11;1,11;1,13;1,13;1,13;1,11;1,05;0,99;0,94;0,92
9;1,33;1,31;1,28;1,26;1,23;1,21;1,2;1,19;1,18;1,16;1,14;1,12;1,12;1,12;1,13;1,16;1,18;1,16;1,14;1,11;1,09;1,06;1,06;1,08;1,06;1,03;1,03;1,08;1,07;1,04;1,02;1,02;1,02;1,02;1,01;1,01;1,03;1,06;1,08;1,12;1,14;1,11;1,07;1,03;0,98;0,97;1,05;1,14
10;1,18;1,15;1,13;1,12;1,12;1,12;1,13;1,14;1,13;1,12;1,1;1,08;1,08;1,09;1,09;1,08;1,06;1,04;1,01;1,01;1,06;1,08;1,06;1,07;1,06;1,02;0,99;1,03;1,08;1,07;1,05;1,12;1,16;1,15;1,12;1,08;1,04;1,01;1,01;1,01;1,05;1,12;1,14;1,12;1,08;1,04;1,03;1,05
11;1,13;1,11;1,1;1,08;1,08;1,08;1,07;1,06;1,04;1,04;1,03;1,03;1,05;1,08;1,11;1,17;1,16;1,12;1,08;1,06;1,05;1,03;1,0;1,03;1,12;1,12;1,08;1,03;0,99;1,01;1,03;1,06;1,08;1,06;1,04;1,03;1,04;1,06;1,07;1,07;1,05;1,03;1,01;1,01;1,04;1,07;1,06;1,11
12;1,04;1,09;1,08;1,08;1,11;1,13;1,2;1,31;1,31;1,25;1,22;1,17;1,12;1,08;1,05;1,05;1,08;1,09;1,08;1,06;1,03;1,0;0,98;1,04;1,1;1,1;1,08;1,05;1,02;1,01;1,0;1,01;1,03;1,04;1,03;1,0;0,97;0,95;0,97;1,04;1,1;1,09;1,07;1,06;1,04;1,03;1,07;1,12
13;1,31;1,25;1,21;1,16;1,13;1,13;1,14;1,17;1,18;1,16;1,13;1,1;1,07;1,05;1,05;1,09;1,1;1,09;1,08;1,09;1,09;1,08;1,07;1,06;1,06;1,07;1,07;1,06;1,04;1,03;1,03;1,04;1,04;1,03;1,04;1,07;1,06;1,04;1,02;1,01;1,01;1,06;1,14;1,23;1,28;1,25;1,2;1,18
14;1,18;1,18;1,2;1,17;1,14;1,15;1,18;1,17;1,14;1,11;1,09;1,08;1,08;1,07;1,07;1,07;1,09;1,11;1,11;1,08;1,04;1,02;1,01;1,01;1,06;1,13;1,17;1,18;1,17;1,14;1,12;1,15;1,22;1,24;1,21;1,18;1,18;1,19;1,18;1,18;1,2;1,21;1,24;1,27;1,26;1,29;1,33;1,37
15;1,14;1,11;1,09;1,07;1,07;1,11;1,14;1,15;1,14;1,12;1,1;1,07;1,03;1,01;1,0;1,0;1,02;1,06;1,1;1,16;1,17;1,15;1,14;1,15;1,22;1,25;1,24;1,22;1,21;1,18;1,17;1,2;1,31;1,35;1,39;1,38;1,35;1,33;1,37;1,44;1,47;1,44;1,39;1,36;1,34;1,3;1,26;1,23
16;1,14;1,11;1,09;1,06;1,03;1,01;1,01;1,08;1,19;1,27;1,26;1,21;1,16;1,12;1,09;1,11;1,16;1,2;1,23;1,23;1,21;1,2;1,19;1,2;1,25;1,31;1,32;1,31;1,29;1,27;1,27;1,29;1,34;1,38;1,4;1,39;1,36;1,32;1,28;1,29;1,31;1,32;1,31;1,29;1,26;1,23;1,25;1,28
17;1,19;1,26;1,25;1,22;1,18;1,16;1,18;1,26;1,34;1,36;1,34;1,3;1,26;1,23;1,2;1,19;1,22;1,29;1,32;1,34;1,32;1,31;1,31;1,32;1,32;1,32;1,34;1,41;1,42;1,37;1,33;1,3;1,27;1,23;1,19;1,15;1,12;1,12;1,17;1,24;1,31;1,28;1,23;1,27;1,34;1,34;1,3;1,28
18;1,34;1,35;1,34;1,32;1,3;1,27;1,24;1,24;1,27;1,3;1,35;1,36;1,34;1,32;1,31;1,31;1,33;1,37;1,38;1,37;1,35;1,32;1,28;1,26;1,25;1,24;1,22;1,18;1,14;1,14;1,2;1,27;1,27;1,24;1,26;1,29;1,31;1,31;1,32;1,32;1,31;1,31;1,33;1,35;1,34;1,31;1,28;1,27
19;1,27;1,32;1,37;1,41;1,4;1,38;1,37;1,38;1,38;1,39;1,39;1,39;1,36;1,33;1,3;1,27;1,24;1,2;1,17;1,15;1,13;1,17;1,23;1,23;1,22;1,23;1,26;1,3;1,32;1,32;1,34;1,37;1,4;1,4;1,39;1,37;1,34;1,32;1,29;1,27;1,26;1,27;1,31;1,3;1,27;1,25;1,22;1,2
20;1,38;1,39;1,41;1,42;1,41;1,37;1,33;1,31;1,34;1,32;1,28;1,3;1,3;1,28;1,27;1,26;1,23;1,24;1,28;1,3;1,29;1,28;1,29;1,33;1,38;1,42;1,42;1,4;1,34;1,29;1,26;1,25;1,26;1,26;1,26;1,24;1,23;1,2;1,18;1,17;1,18;1,21;1,22;1,21;1,18;1,16;1,13;1,12
21;1,34;1,32;1,34;1,35;1,32;1,3;1,29;1,35;1,38;1,42;1,45;1,44;1,39;1,36;1,36;1,41;1,46;1,47;1,44;1,41;1,38;1,34;1,32;1,31;1,3;1,29;1,27;1,27;1,27;1,25;1,25;1,27;1,32;1,33;1,3;1,26;1,22;1,18;1,16;1,19;1,26;1,28;1,25;1,22;1,22;1,24;1,25;1,24
22;1,38;1,4;1,43;1,4;1,35;1,33;1,36;1,42;1,45;1,46;1,46;1,43;1,4;1,36;1,34;1,32;1,33;1,46;1,55;1,51;1,44;1,39;1,35;1,33;1,29;1,25;1,32;1,34;1,3;1,27;1,26;1,27;1,3;1,29;1,25;1,22;1,2;1,17;1,18;1,23;1,24;1,26;1,24;1,19;1,15;1,13;1,13;1,15
23;1,45;1,47;1,5;1,46;1,42;1,38;1,35;1,34;1,38;1,46;1,53;1,49;1,44;1,39;1,36;1,34;1,34;1,31;1,27;1,24;1,22;1,21;1,2;1,2;1,21;1,21;1,21;1,23;1,25;1,24;1,24;1,28;1,29;1,27;1,29;1,3;1,29;1,25;1,23;1,21;1,18;1,2;1,34;1,39;1,44;1,41;1,35;1,3
24;1,38;1,4;1,5;1,51;1,46;1,4;1,36;1,33;1,29;1,26;1,24;1,23;1,24;1,27;1,28;1,28;1,31;1,33;1,33;1,32;1,32;1,34;1,35;1,36;1,35;1,33;1,33;1,35;1,32;1,28;1,26;1,27;1,27;1,26;1,26;1,27;1,26;1,26;1,25;1,28;1,36;1,4;1,43;1,43;1,41;1,4;1,37;1,34
25;1,29;1,26;1,24;1,23;1,28;1,33;1,32;1,3;1,33;1,38;1,37;1,34;1,31;1,29;1,27;1,3;1,33;1,34;1,36;1,46;1,53;1,45;1,37;1,33;1,28;1,24;1,22;1,24;1,28;1,28;1,28;1,31;1,34;1,4;1,43;1,44;1,44;1,42;1,4;1,38;1,37;1,51;1,61;1,52;1,44;1,39;1,38;1,43
26;1,33;1,36;1,42;1,42;1,38;1,35;1,34;1,34;1,38;1,4;1,38;1,35;1,35;1,36;1,35;1,35;1,3;1,25;1,21;1,2;1,3;1,37;1,39;1,39;1,38;1,43;1,49;1,49;1,46;1,41;1,36;1,4;1,42;1,38;1,37;1,38;1,39;1,37;1,39;1,44;1,48;1,49;1,47;1,45;1,44;1,44;1,45;1,47
27;1,38;1,41;1,37;1,35;1,35;1,39;1,41;1,4;1,43;1,44;1,39;1,33;1,29;1,28;1,3;1,32;1,34;1,36;1,44;1,45;1,44;1,43;1,42;1,4;1,39;1,36;1,34;1,37;1,4;1,42;1,47;1,51;1,51;1,51;1,51;1,48;1,44;1,42;1,41;1,41;1,42;1,44;1,45;1,41;1,37;1,32;1,28;1,25
28;1,43;1,41;1,36;1,32;1,29;1,29;1,31;1,31;1,33;1,41;1,52;1,58;1,57;1,51;1,47;1,47;1,45;1,4;1,36;1,39;1,42;1,45;1,46;1,46;1,48;1,48;1,48;1,48;1,49;1,48;1,46;1,48;1,58;1,59;1,55;1,51;1,46;1,4;1,34;1,3;1,26;1,23;1,22;1,22;1,21;1,19;1,17;1,19
29;1,33;1,49;1,57;1,58;1,54;1,49;1,44;1,41;1,38;1,36;1,4;1,43;1,42;1,41;1,43;1,48;1,52;1,53;1,51;1,47;1,43;1,41;1,39;1,38;1,39;1,43;1,46;1,44;1,4;1,36;1,35;1,33;1,29;1,25;1,23;1,21;1,2;1,18;1,17;1,16;1,16;1,18;1,15;1,11;1,06;1,02;0,98;0,96
30;1,38;1,38;1,39;1,38;1,37;1,37;1,38;1,41;1,46;1,47;1,44;1,4;1,37;1,35;1,35;1,37;1,4;1,41;1,41;1,39;1,36;1,33;1,32;1,32;1,29;1,27;1,28;1,27;1,22;1,18;1,14;1,12;1,09;1,07;1,05;1,04;1,03;1,01;0,99;0,97;0,95;0,92;0,91;0,91;0,9;0,89;0,89;0,89
31;1,46;1,46;1,44;1,41;1,39;1,38;1,37;1,38;1,41;1,45;1,46;1,44;1,4;1,34;1,3;1,29;1,3;1,29;1,28;1,26;1,23;1,19;1,15;1,12;1,1;1,08;1,06;1,04;1,02;1,0;0,99;0,99;1,0;0,98;0,96;0,95;0,93;0,91;0,92;0,95;0,95;0,93;0,91;0,9;0,89;0,89;0,89;0,89
32;1,41;1,46;1,45;1,42;1,38;1,34;1,3;1,26;1,26;1,3;1,29;1,27;1,24;1,21;1,18;1,15;1,13;1,11;1,09;1,06;1,04;1,02;1,02;1,01;0,99;0,97;0,96;0,95;0,94;0,92;0,92;0,96;0,98;0,99;0,98;0,95;0,92;0,89;0,88;0,87;0,85;0,84;0,84;0,88;0,94;0,97;0,99;1,02
33;1,26;1,27;1,25;1,22;1,19;1,16;1,13;1,11;1,08;1,06;1,05;1,04;1,02;1,01;1,01;1,0;0,98;0,95;0,93;0,92;0,91;0,91;0,93;0,96;0,96;0,93;0,91;0,9;0,88;0,86;0,85;0,86;0,85;0,8300000000000001;0,8300000000000001;0,86;0,92;0,97;0,99;1,03;1,05;1,04;1,04;1,04;1,04;1,01;1,0;1,0
34;1,08;1,06;1,04;1,02;1,01;1,0;0,99;0,99;0,97;0,94;0,93;0,92;0,91;0,91;0,91;0,96;0,99;0,99;1,0;0,99;0,95;0,92;0,89;0,88;0,91;0,97;1,01;1,04;1,05;1,04;1,04;1,06;1,07;1,04;1,01;0,98;0,96;0,96;1,0;1,07;1,13;1,15;1,15;1,14;1,15;1,18;1,21;1,22
35;0,97;0,94;0,92;0,91;0,91;0,91;0,9;0,9;0,9;0,89;0,88;0,86;0,85;0,8300000000000001;0,84;0,86;0,85;0,84;0,8200000000000001;0,8200000000000001;0,8300000000000001;0,85;0,87;0,91;0,95;0,95;0,95;0,95;0,96;0,98;1,01;1,02;1,06;1,11;1,15;1,17;1,16;1,13;1,11;1,13;1,15;1,14;1,11;1,11;1,12;1,14;1,17;1,23
36;0,9;0,88;0,87;0,85;0,8300000000000001;0,8200000000000001;0,8200000000000001;0,85;0,84;0,8200000000000001;0,8;0,78;0,77;0,77;0,81;0,89;0,95;0,96;0,94;0,92;0,91;0,92;0,98;1,06;1,11;1,14;1,15;1,13;1,13;1,16;1,22;1,29;1,27;1,21;1,18;1,22;1,25;1,24;1,25;1,28;1,32;1,36;1,39;1,41;1,43;1,4;1,39;1,4
37;0,84;0,8200000000000001;0,8;0,78;0,77;0,77;0,8200000000000001;0,92;0,98;0,99;0,98;0,99;1,01;1,03;1,09;1,18;1,24;1,23;1,19;1,15;1,15;1,18;1,23;1,28;1,25;1,2;1,18;1,18;1,21;1,24;1,28;1,33;1,38;1,41;1,45;1,46;1,44;1,42;1,41;1,41;1,41;1,38;1,35;1,34;1,34;1,36;1,41;1,46
38;0,98;1,01;1,04;1,07;1,1;1,15;1,25;1,38;1,39;1,35;1,29;1,23;1,19;1,21;1,28;1,34;1,33;1,27;1,23;1,26;1,34;1,38;1,41;1,46;1,52;1,5;1,48;1,45;1,42;1,39;1,41;1,46;1,48;1,51;1,53;1,52;1,49;1,46;1,43;1,42;1,42;1,45;1,46;1,45;1,43;1,39;1,35;1,34
39;1,39;1,37;1,31;1,24;1,2;1,22;1,3;1,35;1,34;1,29;1,26;1,29;1,28;1,26;1,27;1,32;1,37;1,43;1,49;1,54;1,57;1,56;1,55;1,53;1,51;1,48;1,47;1,46;1,42;1,4;1,38;1,38;1,4;1,41;1,41;1,41;1,4;1,39;1,39;1,39;1,35;1,3;1,27;1,27;1,26;1,25;1,24;1,21
40;1,34;1,29;1,24;1,24;1,25;1,25;1,28;1,33;1,37;1,39;1,44;1,54;1,6;1,61;1,62;1,63;1,59;1,53;1,48;1,45;1,44;1,43;1,41;1,44;1,45;1,44;1,42;1,42;1,42;1,39;1,36;1,34;1,32;1,31;1,32;1,33;1,31;1,27;1,25;1,24;1,23;1,21;1,2;1,18;1,17;1,16;1,15;1,14
41;1,37;1,42;1,51;1,58;1,62;1,62;1,62;1,63;1,61;1,54;1,48;1,49;1,5;1,48;1,46;1,46;1,51;1,54;1,53;1,5;1,46;1,46;1,48;1,47;1,47;1,48;1,46;1,4;1,36;1,34;1,34;1,33;1,36;1,34;1,31;1,29;1,27;1,26;1,25;1,24;1,26;1,27;1,24;1,21;1,17;1,13;1,11;1,18
42;1,61;1,56;1,51;1,48;1,46;1,45;1,43;1,52;1,63;1,63;1,6;1,58;1,55;1,53;1,52;1,5;1,56;1,58;1,55;1,51;1,46;1,4;1,36;1,41;1,45;1,42;1,37;1,31;1,27;1,25;1,24;1,24;1,26;1,28;1,29;1,29;1,27;1,23;1,21;1,21;1,22;1,23;1,24;1,26;1,27;1,27;1,27;1,29
43;1,63;1,62;1,6;1,58;1,55;1,54;1,54;1,53;1,54;1,55;1,53;1,49;1,44;1,4;1,37;1,39;1,4;1,38;1,34;1,31;1,28;1,26;1,26;1,27;1,27;1,26;1,25;1,26;1,23;1,19;1,18;1,21;1,27;1,31;1,34;1,36;1,36;1,37;1,38;1,36;1,31;1,27;1,23;1,22;1,22;1,24;1,28;1,29
44;1,54;1,55;1,54;1,51;1,47;1,43;1,4;1,4;1,43;1,44;1,42;1,39;1,35;1,31;1,28;1,25;1,23;1,21;1,19;1,19;1,19;1,2;1,2;1,23;1,25;1,27;1,34;1,38;1,32;1,26;1,24;1,23;1,23;1,25;1,25;1,24;1,2;1,18;1,16;1,15;1,13;1,11;1,13;1,14;1,14;1,13;1,12;1,12
45;1,43;1,44;1,42;1,39;1,36;1,32;1,29;1,26;1,23;1,21;1,2;1,2;1,2;1,24;1,25;1,26;1,3;1,32;1,35;1,34;1,32;1,3;1,28;1,28;1,26;1,25;1,25;1,26;1,25;1,23;1,22;1,25;1,28;1,31;1,34;1,33;1,32;1,31;1,29;1,27;1,25;1,24;1,23;1,22;1,17;1,12;1,12;1,14
46;1,23;1,24;1,25;1,26;1,26;1,27;1,27;1,28;1,31;1,3;1,27;1,24;1,21;1,2;1,19;1,19;1,18;1,18;1,18;1,19;1,2;1,2;1,18;1,16;1,13;1,11;1,12;1,21;1,28;1,27;1,24;1,22;1,21;1,21;1,19;1,15;1,11;1,06;1,03;1,03;1,03;1,01;1,01;1,01;1,01;0,99;0,98;1,0
47;1,31;1,3;1,27;1,24;1,22;1,19;1,17;1,18;1,2;1,19;1,18;1,18;1,18;1,17;1,15;1,14;1,12;1,1;1,08;1,08;1,08;1,1;1,12;1,1;1,09;1,13;1,2;1,24;1,22;1,15;1,09;1,05;1,08;1,12;1,13;1,09;1,05;1,05;1,04;1,01;0,98;0,96;0,94;0,93;0,93;0,92;0,93;0,94
48;1,2;1,18;1,18;1,18;1,18;1,18;1,17;1,18;1,16;1,12;1,12;1,16;1,12;1,1;1,13;1,17;1,17;1,15;1,11;1,1;1,08;1,05;1,03;1,03;1,02;1,01;1,0;1,01;1,07;1,07;1,05;1,04;1,05;1,03;1,0;0,95;0,91;0,89;0,89;0,92;0,99;1,08;1,16;1,21;1,24;1,26;1,27;1,26
49;1,16;1,12;1,09;1,08;1,07;1,09;1,08;1,07;1,07;1,06;1,07;1,06;1,03;1,0;0,99;0,99;1,02;1,05;1,07;1,03;0,96;0,92;0,92;0,98;1,08;1,12;1,1;1,16;1,2;1,19;1,18;1,17;1,16;1,17;1,2;1,21;1,22;1,25;1,29;1,33;1,36;1,35;1,33;1,29;1,24;1,23;1,23;1,24
50;1,07;1,05;1,03;1,02;1,01;0,98;0,96;0,95;0,94;0,94;0,94;0,95;0,98;1,02;1,15;1,29;1,38;1,35;1,25;1,16;1,08;1,01;0,99;0,98;1,02;1,06;1,09;1,15;1,21;1,27;1,3;1,31;1,31;1,29;1,28;1,25;1,21;1,18;1,15;1,13;1,12;1,12;1,12;1,12;1,13;1,17;1,21;1,25
51;0,94;0,93;0,95;0,98;0,99;0,99;0,99;1,05;1,17;1,23;1,2;1,13;1,07;1,02;0,99;0,99;1,0;1,01;1,03;1,1;1,18;1,25;1,29;1,31;1,33;1,32;1,29;1,25;1,19;1,15;1,12;1,13;1,16;1,19;1,23;1,26;1,29;1,3;1,33;1,38;1,48;1,53;1,58;1,6;1,56;1,52;1,5;1,53
52;1,17;1,14;1,1;1,06;1,04;1,01;0,99;0,99;0,99;1,0;1,05;1,14;1,21;1,27;1,3;1,31;1,32;1,31;1,29;1,24;1,19;1,15;1,11;1,09;1,1;1,1;1,1;1,1;1,11;1,14;1,17;1,21;1,24;1,25;1,24;1,24;1,24;1,23;1,24;1,3;1,36;1,36;1,35;1,39;1,56;1,65;1,58;1,52
53;0,99;1,0;1,05;1,14;1,22;1,27;1,3;1,31;1,32;1,3;1,27;1,23;1,18;1,14;1,11;1,1;1,11;1,14;1,17;1,19;1,18;1,18;1,19;1,22;1,25;1,25;1,24;1,22;1,21;1,22;1,33;1,4;1,38;1,37;1,4;1,44;1,48;1,46;1,41;1,38;1,38;1,39;1,37;1,34;1,32;1,3;1,37;1,48
54;1,32;1,3;1,27;1,23;1,19;1,14;1,11;1,09;1,11;1,15;1,18;1,2;1,22;1,25;1,27;1,29;1,3;1,29;1,28;1,26;1,26;1,26;1,27;1,28;1,28;1,32;1,37;1,38;1,36;1,32;1,3;1,3;1,29;1,27;1,27;1,29;1,29;1,3;1,34;1,37;1,39;1,43;1,53;1,54;1,46;1,4;1,35;1,31
55;1,11;1,13;1,18;1,23;1,25;1,26;1,27;1,28;1,29;1,3;1,31;1,31;1,31;1,31;1,34;1,4;1,47;1,5;1,49;1,45;1,41;1,38;1,36;1,39;1,43;1,45;1,48;1,5;1,47;1,43;1,41;1,4;1,39;1,37;1,35;1,39;1,48;1,48;1,42;1,36;1,37;1,43;1,45;1,46;1,47;1,48;1,48;1,5
56;1,29;1,29;1,29;1,28;1,27;1,27;1,29;1,35;1,4;1,44;1,46;1,44;1,42;1,41;1,44;1,46;1,48;1,49;1,45;1,42;1,4;1,38;1,35;1,33;1,35;1,4;1,45;1,49;1,49;1,48;1,47;1,46;1,42;1,36;1,32;1,32;1,33;1,34;1,35;1,41;1,52;1,55;1,52;1,52;1,59;1,66;1,68;1,7
57;1,4;1,43;1,42;1,4;1,38;1,36;1,4;1,58;1,64;1,63;1,58;1,52;1,48;1,46;1,45;1,45;1,53;1,6;1,62;1,62;1,64;1,59;1,53;1,49;1,45;1,39;1,32;1,28;1,27;1,29;1,31;1,34;1,39;1,43;1,46;1,49;1,5;1,49;1,49;1,5;1,53;1,56;1,55;1,56;1,6;1,63;1,62;1,65
58;1,64;1,71;1,68;1,61;1,55;1,49;1,46;1,45;1,47;1,48;1,48;1,52;1,53;1,49;1,43;1,38;1,33;1,29;1,24;1,21;1,22;1,26;1,32;1,37;1,4;1,42;1,42;1,44;1,48;1,48;1,47;1,5;1,55;1,63;1,66;1,64;1,6;1,57;1,56;1,58;1,63;1,65;1,63;1,61;1,56;1,49;1,44;1,4
59;1,47;1,53;1,56;1,54;1,48;1,43;1,39;1,35;1,32;1,31;1,3;1,3;1,33;1,35;1,37;1,41;1,45;1,47;1,49;1,5;1,49;1,47;1,46;1,47;1,51;1,61;1,68;1,66;1,62;1,57;1,53;1,52;1,55;1,58;1,55;1,51;1,48;1,48;1,47;1,45;1,44;1,41;1,4;1,38;1,37;1,37;1,36;1,35
60;1,32;1,32;1,31;1,3;1,32;1,34;1,36;1,38;1,43;1,5;1,54;1,53;1,51;1,49;1,47;1,47;1,48;1,5;1,55;1,7;1,73;1,7;1,67;1,67;1,76;1,75;1,68;1,61;1,56;1,51;1,46;1,45;1,42;1,36;1,31;1,28;1,29;1,36;1,43;1,44;1,43;1,48;1,68;1,85;1,9;1,88;1,85;1,79
61;1,43;1,45;1,47;1,46;1,45;1,43;1,42;1,42;1,43;1,44;1,44;1,45;1,47;1,48;1,53;1,59;1,62;1,63;1,6;1,59;1,59;1,55;1,48;1,41;1,37;1,45;1,63;1,68;1,69;1,7;1,7;1,69;1,64;1,57;1,54;1,55;1,54;1,53;1,53;1,74;1,96;2,02;1,98;1,87;1,79;1,74;1,7;1,66
62;1,43;1,44;1,48;1,48;1,47;1,5;1,57;1,63;1,64;1,63;1,65;1,73;1,71;1,59;1,48;1,42;1,4;1,38;1,36;1,32;1,29;1,26;1,26;1,32;1,4;1,54;1,57;1,53;1,48;1,42;1,36;1,39;1,55;1,58;1,59;1,6;1,57;1,54;1,54;1,59;1,67;1,72;1,77;1,86;1,99;2,06;2,07;2,05
63;1,64;1,6;1,57;1,64;1,69;1,62;1,53;1,47;1,46;1,45;1,43;1,39;1,34;1,33;1,4;1,53;1,65;1,67;1,62;1,55;1,47;1,38;1,33;1,34;1,35;1,34;1,36;1,38;1,42;1,54;1,66;1,7;1,72;1,72;1,71;1,73;1,77;1,79;1,76;1,71;1,66;1,61;1,58;1,6;1,63;1,62;1,58;1,54
64;1,46;1,44;1,43;1,39;1,34;1,31;1,28;1,35;1,46;1,58;1,66;1,64;1,57;1,48;1,39;1,3;1,26;1,32;1,4;1,46;1,49;1,5;1,54;1,61;1,66;1,68;1,72;1,82;1,87;1,89;1,85;1,8;1,74;1,68;1,64;1,64;1,63;1,64;1,63;1,59;1,55;1,53;1,5;1,48;1,45;1,43;1,44;1,44
65;1,46;1,59;1,66;1,59;1,49;1,41;1,34;1,27;1,26;1,33;1,39;1,43;1,46;1,49;1,52;1,58;1,63;1,65;1,72;1,8;1,84;1,86;1,84;1,8;1,74;1,69;1,64;1,63;1,62;1,59;1,53;1,48;1,45;1,43;1,43;1,47;1,53;1,53;1,48;1,43;1,38;1,38;1,41;1,38;1,32;1,27;1,27;1,34
66;1,26;1,33;1,39;1,42;1,45;1,46;1,46;1,48;1,52;1,56;1,59;1,63;1,7;1,76;1,75;1,72;1,69;1,63;1,59;1,56;1,55;1,54;1,52;1,49;1,47;1,44;1,42;1,47;1,52;1,51;1,45;1,39;1,33;1,33;1,4;1,43;1,39;1,35;1,32;1,32;1,33;1,36;1,35;1,29;1,24;1,22;1,24;1,35
67;1,52;1,57;1,61;1,64;1,7;1,77;1,76;1,72;1,68;1,62;1,57;1,54;1,53;1,55;1,53;1,49;1,44;1,41;1,48;1,69;1,73;1,64;1,53;1,43;1,34;1,35;1,48;1,52;1,48;1,41;1,36;1,33;1,31;1,29;1,27;1,31;1,43;1,46;1,44;1,41;1,36;1,33;1,32;1,34;1,38;1,42;1,5;1,54
68;1,68;1,62;1,58;1,58;1,64;1,64;1,59;1,51;1,45;1,43;1,52;1,65;1,64;1,57;1,49;1,41;1,39;1,41;1,43;1,44;1,41;1,43;1,46;1,48;1,48;1,49;1,49;1,5;1,46;1,41;1,36;1,32;1,32;1,35;1,38;1,39;1,5;1,65;1,66;1,62;1,54;1,46;1,4;1,36;1,35;1,36;1,35;1,33
69;1,45;1,46;1,58;1,71;1,7;1,61;1,51;1,43;1,4;1,38;1,38;1,45;1,46;1,4;1,32;1,26;1,27;1,38;1,42;1,4;1,37;1,34;1,3;1,27;1,29;1,36;1,45;1,5;1,52;1,49;1,42;1,36;1,35;1,38;1,37;1,35;1,35;1,37;1,38;1,37;1,34;1,32;1,3;1,26;1,22;1,18;1,15;1,11
70;1,4;1,42;1,51;1,59;1,54;1,45;1,35;1,28;1,24;1,26;1,28;1,28;1,26;1,24;1,24;1,26;1,29;1,33;1,43;1,6;1,64;1,58;1,5;1,41;1,33;1,27;1,24;1,24;1,24;1,24;1,26;1,28;1,26;1,22;1,16;1,12;1,09;1,06;1,05;1,04;1,04;1,06;1,06;1,06;1,08;1,1;1,14;1,19
71;1,24;1,25;1,33;1,44;1,4;1,34;1,3;1,28;1,26;1,26;1,29;1,34;1,44;1,54;1,52;1,44;1,37;1,3;1,22;1,18;1,17;1,16;1,16;1,16;1,17;1,18;1,15;1,1;1,07;1,03;1,01;0,99;0,99;1,01;1,05;1,08;1,09;1,09;1,1;1,11;1,1;1,1;1,1;1,13;1,17;1,2;1,23;1,27
72;1,26;1,27;1,32;1,49;1,64;1,66;1,57;1,47;1,39;1,34;1,3;1,26;1,21;1,17;1,17;1,19;1,19;1,16;1,14;1,15;1,13;1,1;1,07;1,04;1,04;1,05;1,07;1,08;1,11;1,14;1,17;1,2;1,21;1,21;1,23;1,27;1,3;1,31;1,31;1,29;1,26;1,25;1,24;1,24;1,25;1,26;1,28;1,33
73;1,39;1,35;1,32;1,29;1,26;1,25;1,25;1,25;1,22;1,2;1,18;1,16;1,13;1,1;1,08;1,07;1,09;1,12;1,22;1,24;1,23;1,25;1,28;1,27;1,24;1,22;1,22;1,23;1,26;1,28;1,32;1,36;1,37;1,35;1,33;1,3;1,26;1,24;1,3;1,43;1,53;1,68;1,82;1,81;1,72;1,65;1,63;1,65
74;1,22;1,18;1,16;1,13;1,1;1,06;1,05;1,05;1,07;1,09;1,1;1,12;1,13;1,13;1,15;1,18;1,22;1,28;1,33;1,36;1,37;1,39;1,41;1,41;1,4;1,38;1,35;1,31;1,29;1,26;1,24;1,23;1,23;1,35;1,51;1,6;1,67;1,74;1,86;2,03;2,21;2,26;2,21;2,17;2,14;2,08;2,02;1,95
75;1,07;1,1;1,15;1,19;1,17;1,15;1,16;1,19;1,21;1,24;1,29;1,34;1,38;1,39;1,4;1,42;1,43;1,43;1,42;1,4;1,35;1,31;1,27;1,25;1,23;1,23;1,23;1,32;1,46;1,55;1,69;2,01;2,27;2,35;2,41;2,37;2,24;2,11;2,03;1,99;1,93;1,84;1,74;1,68;1,64;1,61;1,57;1,53
76;1,21;1,25;1,3;1,36;1,39;1,41;1,42;1,43;1,42;1,41;1,39;1,35;1,31;1,27;1,25;1,23;1,23;1,23;1,32;1,58;1,79;1,98;2,26;2,45;2,45;2,38;2,31;2,22;2,12;2,01;1,89;1,79;1,69;1,61;1,56;1,54;1,56;1,58;1,56;1,54;1,52;1,5;1,48;1,47;1,46;1,49;1,56;1,63
77;1,42;1,41;1,38;1,34;1,3;1,27;1,24;1,23;1,23;1,23;1,39;1,65;1,83;2,04;2,34;2,46;2,37;2,27;2,2;2,11;2,01;1,9;1,83;1,78;1,71;1,66;1,61;1,57;1,56;1,54;1,51;1,48;1,45;1,43;1,41;1,38;1,36;1,38;1,42;1,49;1,54;1,55;1,52;1,49;1,45;1,4;1,37;1,35
78;1,23;1,23;1,4;1,69;1,96;2,22;2,35;2,4;2,33;2,21;2,11;2,0;1,87;1,76;1,66;1,58;1,54;1,53;1,54;1,58;1,6;1,59;1,55;1,51;1,46;1,42;1,4;1,4;1,41;1,4;1,41;1,45;1,5;1,53;1,52;1,5;1,48;1,44;1,41;1,39;1,38;1,38;1,39;1,37;1,33;1,3;1,28;1,25
79;2,33;2,2;2,08;1,94;1,81;1,71;1,63;1,58;1,55;1,54;1,53;1,52;1,49;1,46;1,44;1,42;1,39;1,35;1,33;1,31;1,3;1,31;1,34;1,39;1,46;1,49;1,5;1,48;1,44;1,38;1,33;1,3;1,27;1,23;1,19;1,16;1,14;1,13;1,15;1,18;1,18;1,17;1,19;1,23;1,25;1,26;1,3;1,37
80;1,55;1,52;1,51;1,49;1,47;1,45;1,43;1,4;1,37;1,33;1,3;1,28;1,27;1,28;1,36;1,46;1,54;1,55;1,53;1,49;1,48;1,47;1,43;1,38;1,33;1,28;1,23;1,2;1,2;1,21;1,19;1,15;1,12;1,13;1,17;1,26;1,35;1,41;1,44;1,45;1,42;1,4;1,44;1,45;1,43;1,42;1,4;1,38
81;1,37;1,33;1,3;1,28;1,26;1,27;1,33;1,42;1,48;1,49;1,47;1,45;1,47;1,48;1,44;1,38;1,33;1,28;1,26;1,26;1,26;1,25;1,24;1,27;1,31;1,34;1,36;1,38;1,4;1,43;1,49;1,54;1,53;1,51;1,47;1,47;1,51;1,52;1,5;1,46;1,43;1,4;1,35;1,3;1,24;1,17;1,12;1,12
82;1,48;1,52;1,52;1,51;1,52;1,51;1,48;1,43;1,38;1,33;1,3;1,27;1,24;1,27;1,31;1,3;1,27;1,28;1,36;1,43;1,43;1,4;1,39;1,43;1,46;1,45;1,46;1,55;1,59;1,57;1,52;1,47;1,44;1,39;1,34;1,29;1,24;1,19;1,16;1,16;1,17;1,16;1,14;1,15;1,19;1,19;1,17;1,14
83;1,38;1,37;1,42;1,51;1,49;1,46;1,45;1,43;1,39;1,36;1,39;1,43;1,45;1,47;1,49;1,48;1,44;1,4;1,4;1,46;1,53;1,57;1,54;1,49;1,45;1,41;1,34;1,28;1,22;1,18;1,19;1,2;1,19;1,17;1,16;1,17;1,19;1,2;1,18;1,15;1,11;1,08;1,07;1,06;1,06;1,06;1,07;1,09
84;1,39;1,35;1,36;1,38;1,39;1,4;1,4;1,42;1,41;1,38;1,39;1,46;1,54;1,55;1,52;1,48;1,47;1,44;1,38;1,35;1,32;1,29;1,27;1,26;1,26;1,24;1,2;1,19;1,19;1,2;1,2;1,18;1,16;1,14;1,12;1,11;1,1;1,09;1,08;1,07;1,06;1,06;1,06;1,06;1,06;1,07;1,07;1,07
85;1,41;1,37;1,39;1,45;1,5;1,51;1,47;1,44;1,41;1,38;1,36;1,37;1,35;1,31;1,27;1,24;1,22;1,2;1,17;1,17;1,18;1,2;1,19;1,17;1,16;1,14;1,11;1,09;1,09;1,08;1,08;1,08;1,07;1,07;1,07;1,08;1,07;1,07;1,07;1,07;1,09;1,12;1,14;1,14;1,12;1,1;1,17;1,5
86;1,41;1,37;1,33;1,31;1,29;1,26;1,23;1,21;1,2;1,17;1,15;1,13;1,13;1,14;1,15;1,14;1,11;1,08;1,06;1,05;1,07;1,08;1,07;1,06;1,05;1,04;1,04;1,03;1,03;1,03;1,03;1,05;1,07;1,1;1,11;1,12;1,14;1,17;1,38;1,8;1,96;1,94;1,86;1,75;1,67;1,7;1,78;1,8
87;1,2;1,17;1,14;1,13;1,13;1,14;1,15;1,14;1,13;1,11;1,08;1,06;1,04;1,03;1,02;1,02;1,02;1,03;1,03;1,03;1,03;1,03;1,04;1,06;1,09;1,13;1,15;1,15;1,14;1,24;1,61;1,82;1,89;2,01;2,07;1,98;1,86;1,75;1,65;1,56;1,49;1,43;1,39;1,35;1,31;1,28;1,28;1,28
88;1,13;1,1;1,07;1,05;1,05;1,07;1,08;1,08;1,07;1,06;1,05;1,04;1,03;1,03;1,04;1,05;1,08;1,11;1,15;1,23;1,42;1,71;2,0;2,13;2,04;1,89;1,74;1,64;1,6;1,64;1,68;1,66;1,61;1,58;1,55;1,5;1,41;1,34;1,28;1,25;1,24;1,23;1,22;1,2;1,18;1,16;1,13;1,15
89;1,07;1,06;1,05;1,04;1,03;1,03;1,03;1,06;1,2;1,4;1,51;1,61;1,67;1,72;1,78;1,92;2,03;1,94;1,79;1,66;1,54;1,44;1,34;1,28;1,29;1,34;1,36;1,33;1,29;1,27;1,26;1,26;1,26;1,26;1,24;1,2;1,13;1,05;0,97;0,9;0,8300000000000001;0,77;0,74;0,74;0,76;0,8;0,86;0,92
90;1,2;1,44;1,54;1,61;1,68;1,73;1,73;1,76;1,86;1,96;1,98;1,9;1,79;1,66;1,54;1,44;1,39;1,43;1,45;1,44;1,43;1,4;1,37;1,36;1,35;1,31;1,28;1,24;1,21;1,16;1,09;1,02;1,0;1,01;0,99;0,94;0,88;0,84;0,81;0,79;0,79;0,78;0,76;0,74;0,75;0,8200000000000001;0,91;0,97
91;1,86;1,86;1,86;1,87;1,84;1,79;1,73;1,68;1,61;1,54;1,48;1,42;1,36;1,31;1,3;1,3;1,3;1,28;1,24;1,19;1,13;1,07;1,02;0,99;0,98;0,95;0,89;0,84;0,8;0,76;0,75;0,78;0,8300000000000001;0,88;0,9;0,89;0,87;0,86;0,86;0,88;0,91;0,95;1,03;1,13;1,23;1,27;1,28;1,41
92;1,61;1,52;1,45;1,4;1,35;1,3;1,28;1,32;1,35;1,32;1,27;1,22;1,17;1,11;1,04;1,0;0,97;0,95;0,92;0,88;0,8200000000000001;0,78;0,77;0,77;0,79;0,81;0,8300000000000001;0,84;0,84;0,85;0,85;0,88;0,99;1,01;1,04;1,12;1,17;1,23;1,33;1,41;1,46;1,48;1,49;1,5;1,52;1,52;1,49;1,45
93;1,35;1,32;1,26;1,21;1,15;1,11;1,07;1,02;1,01;1,01;0,97;0,9;0,84;0,8;0,79;0,8;0,81;0,85;0,86;0,86;0,86;0,87;0,89;0,92;0,94;0,95;0,99;1,07;1,11;1,1;1,13;1,26;1,41;1,5;1,62;1,69;1,69;1,66;1,64;1,61;1,57;1,55;1,61;1,64;1,63;1,58;1,53;1,52
94;1,01;1,01;0,99;0,95;0,89;0,85;0,84;0,84;0,86;0,86;0,87;0,88;0,89;0,9;0,91;0,93;0,95;0,98;1,11;1,17;1,17;1,17;1,21;1,31;1,48;1,64;1,71;1,75;1,75;1,74;1,71;1,65;1,59;1,55;1,58;1,63;1,65;1,62;1,56;1,49;1,44;1,39;1,35;1,32;1,28;1,23;1,19;1,15
95;0,86;0,87;0,89;0,91;0,91;0,92;0,93;0,94;0,96;0,99;0,99;0,99;1,01;1,03;1,07;1,11;1,17;1,35;1,66;1,76;1,77;1,74;1,67;1,61;1,59;1,61;1,67;1,69;1,66;1,63;1,58;1,52;1,46;1,38;1,32;1,26;1,22;1,2;1,18;1,18;1,18;1,16;1,13;1,09;1,06;1,04;1,22;2,26
96;0,96;0,96;0,98;0,99;1,01;1,06;1,13;1,16;1,18;1,23;1,43;1,74;1,78;1,72;1,65;1,58;1,51;1,5;1,59;1,64;1,64;1,61;1,56;1,5;1,45;1,39;1,35;1,32;1,3;1,28;1,28;1,28;1,26;1,23;1,19;1,15;1,12;1,11;1,13;1,48;2,21;2,57;2,6;2,5;2,38;2,29;2,2;2,12
97;1,18;1,23;1,37;1,68;1,76;1,69;1,64;1,59;1,53;1,45;1,39;1,38;1,45;1,52;1,54;1,5;1,45;1,38;1,32;1,28;1,27;1,26;1,24;1,23;1,22;1,21;1,18;1,15;1,12;1,16;2,28;3,16;3,21;3,01;2,79;2,6;2,45;2,33;2,3000000000000003;2,52;2,8000000000000003;2,82;2,7;2,59;2,52;2,47;2,41;2,32
98;1,53;1,45;1,41;1,4;1,46;1,53;1,53;1,5;1,47;1,42;1,37;1,33;1,31;1,29;1,27;1,25;1,25;1,23;1,2;1,17;1,16;1,16;1,49;2,66;2,89;2,77;2,66;2,5500000000000003;2,49;2,46;2,44;2,54;2,56;2,46;2,34;2,22;2,12;2,01;1,95;1,89;1,83;1,79;1,74;1,67;1,6;1,55;1,5;1,46
99;1,47;1,43;1,38;1,34;1,32;1,29;1,27;1,25;1,24;1,22;1,19;1,18;1,17;1,18;1,26;1,85;2,44;2,44;2,43;2,38;2,27;2,16;2,11;2,14;2,23;2,29;2,31;2,25;2,15;2,09;2,08;2,06;2,0;1,95;1,89;1,81;1,74;1,68;1,62;1,57;1,54;1,54;1,55;1,54;1,56;1,6;1,58;1,54
100;1,24;1,22;1,19;1,18;1,16;1,18;1,64;2,45;2,52;2,43;2,5;2,52;2,41;2,28;2,18;2,14;2,13;2,21;2,31;2,31;2,23;2,14;2,1;2,06;1,97;1,85;1,77;1,72;1,71;1,7;1,72;1,73;1,68;1,64;1,61;1,57;1,55;1,56;1,57;1,58;1,58;1,56;1,52;1,46;1,4;1,36;1,34;1,33
101;2,52;2,52;2,5500000000000003;2,5500000000000003;2,48;2,4;2,32;2,27;2,21;2,22;2,25;2,24;2,2;2,18;2,15;2,11;2,05;2,03;1,98;1,87;1,76;1,67;1,66;1,68;1,67;1,65;1,6;1,59;1,63;1,64;1,62;1,61;1,56;1,51;1,51;1,59;1,58;1,52;1,45;1,38;1,32;1,27;1,23;1,22;1,22;1,23;1,22;1,2
102;2,21;2,17;2,16;2,12;2,08;2,06;2,04;2,01;1,97;1,91;1,88;1,85;1,81;1,77;1,78;1,67;1,62;1,54;1,49;1,48;1,5;1,53;1,53;1,56;1,62;1,62;1,58;1,53;1,5;1,48;1,42;1,36;1,31;1,28;1,27;1,26;1,26;1,31;1,36;1,39;1,38;1,36;1,35;1,31;1,27;1,23;1,22;1,22
103;1,97;1,88;1,81;1,74;1,67;1,6;1,57;1,57;1,57;1,56;1,52;1,49;1,51;1,55;1,56;1,58;1,59;1,57;1,57;1,56;1,52;1,46;1,4;1,34;1,3;1,3;1,31;1,28;1,24;1,21;1,2;1,21;1,21;1,2;1,18;1,16;1,15;1,17;1,24;1,27;1,26;1,23;1,21;1,2;1,17;1,15;1,12;1,08
104;1,57;1,54;1,51;1,47;1,46;1,48;1,5;1,51;1,5;1,52;1,54;1,53;1,48;1,43;1,38;1,33;1,3;1,27;1,24;1,22;1,2;1,18;1,17;1,17;1,17;1,18;1,22;1,29;1,31;1,29;1,27;1,26;1,25;1,22;1,18;1,14;1,11;1,1;1,1;1,09;1,06;1,03;1,02;1,02;1,04;1,07;1,12;1,16
105;1,5;1,51;1,51;1,49;1,44;1,39;1,35;1,35;1,4;1,37;1,32;1,27;1,21;1,17;1,14;1,13;1,15;1,17;1,16;1,14;1,1;1,08;1,1;1,14;1,17;1,18;1,16;1,14;1,1;1,06;1,03;1,0;0,99;0,98;0,98;0,98;0,98;1,0;1,0;0,99;1,0;1,05;1,11;1,12;1,09;1,05;1,03;1,04
106;1,4;1,36;1,32;1,26;1,2;1,16;1,13;1,13;1,15;1,18;1,17;1,14;1,11;1,09;1,08;1,1;1,12;1,12;1,1;1,08;1,05;1,01;0,99;0,98;1,0;1,02;1,03;1,03;1,03;1,02;1,02;1,05;1,12;1,22;1,29;1,3;1,29;1,25;1,19;1,17;1,2;1,18;1,18;1,2;1,17;1,12;1,06;1,03
107;1,15;1,18;1,17;1,14;1,1;1,08;1,08;1,09;1,1;1,11;1,12;1,09;1,05;1,0;0,97;0,95;0,94;0,94;0,92;0,92;0,91;0,92;0,96;1,01;1,07;1,16;1,25;1,3;1,29;1,26;1,23;1,2;1,18;1,18;1,19;1,19;1,21;1,19;1,13;1,07;1,05;1,04;1,05;1,08;1,08;1,06;1,06;1,07
108;1,1;1,09;1,08;1,05;1,01;0,97;0,94;0,93;0,92;0,91;0,91;0,93;0,94;0,95;0,96;0,98;1,04;1,1;1,12;1,13;1,17;1,2;1,24;1,3;1,37;1,37;1,33;1,27;1,2;1,13;1,07;1,05;1,07;1,08;1,07;1,05;1,03;1,01;0,98;0,97;0,97;0,97;0,96;0,97;1,01;1,1;1,17;1,17
109;0,92;0,93;0,94;0,94;0,94;0,94;0,95;0,97;1,05;1,13;1,19;1,24;1,24;1,2;1,18;1,21;1,25;1,26;1,25;1,23;1,18;1,11;1,06;1,04;1,06;1,05;1,03;1,01;0,99;0,97;0,94;0,93;0,95;0,97;0,99;0,99;1,0;0,99;0,99;1,01;1,05;1,09;1,14;1,2;1,22;1,2;1,16;1,11
110;1,05;1,13;1,2;1,25;1,26;1,21;1,17;1,16;1,21;1,29;1,31;1,28;1,23;1,15;1,08;1,04;1,02;1,01;0,98;0,95;0,94;0,92;0,9;0,9;0,93;0,95;0,97;0,98;0,99;0,98;0,96;0,95;0,97;0,98;1,02;1,11;1,13;1,12;1,11;1,1;1,08;1,08;1,08;1,06;1,02;0,99;0,98;1,0
111;1,21;1,32;1,38;1,38;1,32;1,24;1,17;1,11;1,08;1,08;1,06;1,01;0,97;0,94;0,93;0,93;0,96;0,99;0,99;0,97;0,94;0,94;0,95;0,95;0,97;1,02;1,06;1,12;1,18;1,2;1,16;1,14;1,16;1,11;1,07;1,03;0,99;0,95;0,93;0,94;0,97;1,01;1,06;1,1;1,13;1,15;1,16;1,16
112;1,08;1,05;1,03;1,01;1,0;0,99;0,98;0,98;0,99;1,03;1,04;1,03;1,05;1,07;1,05;1,03;1,01;1,06;1,14;1,19;1,2;1,2;1,19;1,22;1,27;1,28;1,26;1,21;1,16;1,12;1,07;1,04;1,03;1,02;1,04;1,06;1,07;1,07;1,06;1,06;1,04;1,03;1,06;1,18;1,3;1,37;1,38;1,37
113;0,99;1,03;1,06;1,07;1,07;1,07;1,05;1,03;1,03;1,1;1,18;1,25;1,26;1,23;1,19;1,17;1,22;1,23;1,26;1,25;1,16;1,1;1,09;1,07;1,05;1,05;1,09;1,12;1,11;1,1;1,08;1,06;1,05;1,14;1,33;1,51;1,59;1,53;1,43;1,36;1,32;1,3;1,28;1,25;1,22;1,28;1,59;1,88
114;1,03;1,2;1,3;1,32;1,35;1,34;1,29;1,24;1,28;1,26;1,21;1,16;1,12;1,08;1,05;1,04;1,04;1,06;1,08;1,09;1,09;1,09;1,08;1,08;1,07;1,08;1,13;1,25;1,36;1,39;1,35;1,31;1,28;1,27;1,27;1,28;1,28;1,28;1,3;1,34;1,36;1,4;1,53;1,63;1,69;1,7;1,68;1,64
115;1,28;1,38;1,36;1,31;1,27;1,25;1,21;1,16;1,13;1,11;1,11;1,11;1,1;1,1;1,1;1,1;1,1;1,09;1,19;1,38;1,5;1,52;1,5;1,48;1,44;1,4;1,37;1,36;1,35;1,31;1,26;1,22;1,19;1,2;1,31;1,48;1,64;1,73;1,73;1,64;1,51;1,41;1,32;1,25;1,17;1,55;2,62;3,01
116;1,13;1,12;1,13;1,13;1,12;1,11;1,1;1,1;1,09;1,13;1,42;1,62;1,69;1,72;1,67;1,58;1,5;1,43;1,38;1,34;1,3;1,25;1,2;1,16;1,13;1,14;1,22;1,42;1,59;1,68;1,71;1,67;1,59;1,5;1,42;1,42;1,36;1,35;1,59;2,0;2,62;2,92;2,91;2,78;2,56;2,4;2,42;2,36
117;1,09;1,13;1,41;1,6;1,66;1,63;1,56;1,48;1,43;1,38;1,34;1,31;1,29;1,27;1,26;1,45;1,82;2,04;2,19;2,37;2,36;2,31;2,29;2,25;2,26;2,27;2,24;2,22;2,25;2,48;2,68;2,61;2,42;2,29;2,28;2,26;2,23;2,13;1,96;1,78;1,64;1,7;1,95;2,02;1,94;1,83;1,73;1,66
118;1,43;1,38;1,34;1,31;1,28;1,24;1,2;1,18;1,26;1,51;1,88;2,07;2,18;2,13;1,98;1,83;1,8;1,84;1,96;2,19;2,28;2,19;2,32;2,79;2,93;2,76;2,6;2,4;2,33;2,39;2,32;2,18;2,02;1,87;1,8;1,82;1,8;1,72;1,63;1,52;1,43;1,38;1,34;1,25;1,21;1,22;1,21;1,22
119;1,26;1,44;1,65;1,7;1,74;1,8;1,83;1,87;1,84;1,74;1,7;1,97;2,17;2,23;2,28;2,79;3,02;2,92;2,72;2,49;2,32;2,13;2,01;2,13;2,19;2,14;2,05;1,97;1,9;1,85;1,77;1,67;1,57;1,52;1,57;1,61;1,55;1,43;1,33;1,26;1,2;1,13;1,08;1,05;1,02;1,0;1,0;1,02
120;1,84;1,74;1,63;1,58;1,57;1,84;2,73;3,26;3,28;3,0;2,77;2,59;2,39;2,2;2,21;2,27;2,17;2,09;2,14;2,17;2,13;2,08;2,02;1,94;1,88;1,84;1,74;1,67;1,62;1,53;1,44;1,37;1,33;1,27;1,23;1,2;1,17;1,17;1,25;1,4;1,43;1,35;1,28;1,22;1,18;1,14;1,14;1,15
121;3,28;2,95;2,68;2,51;2,33;2,13;1,99;2,11;2,25;2,26;2,22;2,17;2,04;1,91;1,83;1,77;1,73;1,66;1,6;1,55;1,51;1,48;1,41;1,37;1,33;1,29;1,32;1,32;1,25;1,19;1,17;1,19;1,22;1,2;1,18;1,17;1,2;1,28;1,35;1,35;1,3;1,22;1,14;1,08;1,06;1,1;1,21;1,33
122;2,25;2,18;2,09;1,98;1,91;1,91;1,88;1,83;1,77;1,71;1,66;1,62;1,6;1,59;1,54;1,47;1,39;1,29;1,25;1,25;1,22;1,18;1,14;1,12;1,12;1,11;1,12;1,15;1,15;1,14;1,15;1,17;1,17;1,15;1,12;1,11;1,09;1,07;1,06;1,08;1,11;1,13;1,13;1,1;1,06;1,04;1,09;1,2
123;1,77;1,73;1,68;1,61;1,54;1,47;1,41;1,39;1,37;1,34;1,31;1,31;1,29;1,27;1,24;1,21;1,22;1,24;1,26;1,29;1,3;1,29;1,29;1,32;1,37;1,42;1,48;1,52;1,53;1,5;1,41;1,33;1,26;1,19;1,13;1,07;1,01;0,95;0,93;0,97;1,05;1,07;1,05;1,02;1,01;0,99;0,98;1,03
124;1,37;1,32;1,28;1,26;1,23;1,2;1,18;1,18;1,19;1,17;1,15;1,16;1,15;1,15;1,21;1,33;1,4;1,45;1,49;1,54;1,57;1,49;1,39;1,32;1,27;1,21;1,13;1,06;1,01;1,01;1,03;1,01;0,98;0,96;0,97;1,0;1,02;1,03;1,02;1,02;1,07;1,13;1,22;1,34;1,49;1,51;1,49;1,51
125;1,19;1,17;1,16;1,15;1,14;1,14;1,21;1,29;1,31;1,3;1,37;1,47;1,53;1,5;1,4;1,32;1,25;1,2;1,15;1,13;1,09;1,06;1,03;1,01;0,99;0,96;0,95;0,98;1,06;1,15;1,24;1,29;1,32;1,3;1,3;1,3;1,3;1,3;1,28;1,28;1,35;1,49;1,57;1,56;1,52;1,47;1,45;1,43
126;1,31;1,36;1,48;1,51;1,42;1,32;1,24;1,2;1,19;1,2;1,21;1,22;1,2;1,14;1,07;1,02;0,97;0,93;0,93;0,98;1,05;1,11;1,18;1,24;1,32;1,37;1,36;1,37;1,38;1,36;1,41;1,59;1,7;1,74;1,79;1,84;1,84;1,79;1,72;1,65;1,6;1,57;1,55;1,52;1,47;1,43;1,4;1,41
127;1,19;1,23;1,29;1,32;1,26;1,17;1,08;1,02;0,98;0,98;1,01;1,04;1,04;1,03;1,07;1,25;1,42;1,49;1,55;1,51;1,43;1,39;1,38;1,45;1,68;1,82;1,83;1,83;1,82;1,78;1,72;1,65;1,58;1,52;1,49;1,51;1,51;1,49;1,48;1,49;1,61;1,82;1,95;2,04;2,14;2,18;2,15;2,12
128;0,98;0,96;0,95;0,94;0,93;0,92;0,96;1,04;1,14;1,3;1,49;1,56;1,53;1,49;1,51;1,52;1,51;1,59;1,67;1,71;1,72;1,72;1,69;1,63;1,57;1,51;1,47;1,46;1,47;1,5;1,51;1,52;1,55;1,57;1,6;1,66;1,69;1,71;1,74;1,78;1,86;1,96;2,01;1,99;1,96;1,96;2,02;2,12
129;1,14;1,27;1,39;1,48;1,53;1,52;1,5;1,47;1,46;1,51;1,61;1,67;1,68;1,65;1,59;1,54;1,5;1,46;1,42;1,4;1,39;1,37;1,4;1,45;1,48;1,51;1,53;1,53;1,56;1,6;1,7;1,77;1,82;1,87;1,88;1,88;1,89;1,93;1,99;2,02;2,08;2,18;2,28;2,35;2,37;2,31;2,28;2,31
130;1,46;1,5;1,6;1,68;1,69;1,65;1,59;1,54;1,5;1,47;1,44;1,42;1,39;1,36;1,37;1,41;1,47;1,47;1,46;1,47;1,56;1,81;2,15;2,42;2,44;2,35;2,31;2,29;2,28;2,27;2,26;2,24;2,23;2,21;2,14;2,04;1,98;1,91;1,86;1,84;1,84;1,82;1,8;1,81;1,84;1,81;1,93;2,23
131;1,5;1,47;1,44;1,42;1,39;1,37;1,4;1,47;1,58;1,65;1,63;1,58;1,56;1,67;2,03;2,37;2,44;2,44;2,46;2,47;2,42;2,33;2,26;2,22;2,19;2,17;2,13;2,07;2,02;1,97;1,93;1,93;1,97;2,01;2,01;2,01;2,04;2,04;2,03;2,0;1,97;1,96;1,95;1,91;1,86;1,82;1,83;1,91
132;1,58;1,64;1,65;1,69;1,72;1,83;2,05;2,23;2,27;2,34;2,35;2,32;2,26;2,21;2,24;2,25;2,25;2,24;2,23;2,27;2,26;2,18;2,11;2,07;2,04;2,04;2,03;1,99;1,95;1,96;1,99;2,02;2,03;2,07;2,15;2,15;2,09;2,02;1,97;1,97;2,0;1,98;1,96;1,94;1,96;2,05;2,2;2,31
133;2,27;2,34;2,36;2,3000000000000003;2,21;2,12;2,11;2,15;2,24;2,35;2,51;2,58;2,51;2,44;2,47;2,57;2,63;2,61;2,48;2,31;2,2;2,15;2,16;2,25;2,33;2,4;2,41;2,38;2,31;2,23;2,18;2,13;2,09;2,04;2,07;2,24;2,31;2,27;2,26;2,28;2,29;2,29;2,3000000000000003;2,29;2,27;2,28;2,33;2,32
134;2,24;2,35;2,47;2,52;2,45;2,36;2,3000000000000003;2,31;2,45;2,76;2,92;2,83;2,65;2,49;2,41;2,42;2,42;2,34;2,24;2,17;2,13;2,11;2,11;2,13;2,27;2,49;2,44;2,36;2,28;2,21;2,17;2,15;2,2;2,36;2,5;2,61;2,6;2,48;2,37;2,33;2,29;2,31;2,35;2,34;2,28;2,26;2,28;2,3000000000000003
135;2,45;2,71;2,86;2,72;2,54;2,4;2,34;2,3000000000000003;2,26;2,25;2,27;2,35;2,47;2,57;2,5500000000000003;2,47;2,38;2,32;2,31;2,32;2,34;2,35;2,32;2,32;2,34;2,38;2,37;2,3000000000000003;2,2;2,13;2,09;2,11;2,16;2,2;2,25;2,31;2,34;2,27;2,2;2,21;2,2;2,14;2,09;2,13;2,24;2,27;2,18;2,08
136;2,26;2,24;2,26;2,27;2,37;2,48;2,46;2,39;2,33;2,3000000000000003;2,32;2,33;2,33;2,33;2,34;2,33;2,35;2,39;2,47;2,53;2,49;2,4;2,32;2,26;2,22;2,21;2,26;2,31;2,36;2,34;2,31;2,28;2,25;2,32;2,3000000000000003;2,18;2,02;1,89;1,82;1,82;1,83;1,84;1,85;1,94;2,07;2,2;2,29;2,3000000000000003
137;2,33;2,27;2,26;2,34;2,38;2,39;2,41;2,39;2,37;2,39;2,42;2,38;2,3000000000000003;2,23;2,24;2,34;2,46;2,52;2,5;2,46;2,39;2,29;2,18;2,14;2,22;2,41;2,52;2,49;2,4;2,29;2,19;2,08;2,02;2,05;2,16;2,31;2,39;2,39;2,37;2,38;2,37;2,34;2,28;2,23;2,2;2,15;2,09;2,1
138;2,37;2,36;2,36;2,34;2,28;2,21;2,19;2,24;2,38;2,53;2,51;2,43;2,33;2,25;2,2;2,15;2,11;2,1;2,12;2,15;2,21;2,26;2,21;2,11;2,04;1,97;1,93;1,95;1,94;1,93;1,92;1,92;1,9;1,9;1,92;1,98;2,05;2,08;2,05;2,05;2,06;2,11;2,21;2,24;2,19;2,15;2,17;2,26
139;2,38;2,53;2,54;2,45;2,33;2,22;2,17;2,16;2,16;2,14;2,1;2,05;1,99;2,03;2,15;2,2;2,17;2,1;2,01;1,91;1,8;1,7;1,65;1,66;1,71;1,8;1,91;1,98;1,98;1,98;1,99;2,02;2,02;2,03;2,07;2,06;2,03;2,06;2,09;2,12;2,12;2,09;2,04;1,96;1,87;1,79;1,72;1,67
140;2,16;2,13;2,08;2,03;2,01;2,02;2,08;2,15;2,17;2,11;2,04;1,96;1,88;1,84;1,82;1,84;1,89;1,97;2,04;2,07;2,05;2,01;1,99;1,98;1,96;1,92;1,86;1,8;1,78;1,79;1,99;2,16;2,18;2,13;2,06;1,96;1,84;1,73;1,64;1,58;1,54;1,52;1,51;1,52;1,55;1,6;1,63;1,64
141;2,17;2,12;2,07;2,07;2,06;2,02;1,98;1,96;1,95;1,97;2,03;2,04;1,98;1,92;1,87;1,85;1,87;1,86;1,83;1,79;1,78;1,91;2,1;2,14;2,09;2,01;1,93;1,86;1,77;1,68;1,6;1,54;1,51;1,49;1,47;1,45;1,44;1,43;1,42;1,42;1,46;1,55;1,72;1,82;1,78;1,74;1,78;1,83
142;1,95;1,97;2,08;2,09;2,02;1,94;1,9;1,88;1,85;1,81;1,79;1,78;1,85;1,91;1,98;2,01;1,97;1,9;1,83;1,76;1,68;1,62;1,57;1,53;1,52;1,51;1,5;1,48;1,46;1,44;1,43;1,47;1,67;1,97;2,11;2,07;1,95;1,85;1,79;1,77;1,76;1,73;1,67;1,6;1,53;1,47;1,42;1,39
143;1,85;1,81;1,8;1,78;1,8;1,91;1,95;1,97;1,97;1,93;1,87;1,8;1,73;1,67;1,63;1,61;1,58;1,56;1,54;1,51;1,48;1,46;1,46;1,65;1,97;2,15;2,14;2,12;2,08;1,99;1,91;1,85;1,8;1,73;1,67;1,61;1,55;1,5;1,46;1,42;1,38;1,34;1,3;1,26;1,22;1,19;1,18;1,2
144;1,97;1,94;1,89;1,81;1,74;1,68;1,64;1,62;1,59;1,57;1,54;1,52;1,48;1,45;1,43;1,63;1,95;2,12;2,17;2,16;2,13;2,06;1,97;1,9;1,84;1,81;1,76;1,7;1,64;1,59;1,53;1,48;1,43;1,39;1,35;1,32;1,32;1,35;1,39;1,41;1,41;1,39;1,38;1,35;1,3;1,25;1,21;1,19
145;1,59;1,57;1,55;1,52;1,49;1,46;1,42;1,42;1,62;2,03;2,23;2,24;2,18;2,1;2,02;1,95;1,91;1,9;1,85;1,78;1,69;1,61;1,55;1,49;1,44;1,38;1,33;1,29;1,27;1,27;1,29;1,32;1,34;1,36;1,36;1,35;1,32;1,27;1,23;1,2;1,16;1,13;1,09;1,06;1,03;1,01;0,98;0,98
146;1,62;2,02;2,16;2,13;2,1;2,05;1,97;1,9;1,82;1,76;1,71;1,66;1,6;1,56;1,51;1,46;1,42;1,37;1,32;1,28;1,25;1,24;1,26;1,31;1,34;1,37;1,39;1,39;1,39;1,37;1,32;1,27;1,22;1,19;1,16;1,13;1,1;1,07;1,04;1,04;1,03;1,02;1,03;1,04;1,04;1,02;0,99;0,96
147;1,82;1,76;1,7;1,65;1,6;1,55;1,51;1,47;1,42;1,38;1,34;1,3;1,27;1,25;1,27;1,31;1,33;1,34;1,34;1,34;1,33;1,31;1,28;1,25;1,22;1,18;1,14;1,1;1,07;1,03;0,99;0,96;0,95;0,94;0,95;0,97;1,0;1,08;1,18;1,22;1,22;1,23;1,25;1,27;1,46;1,66;1,7;1,64
148;1,42;1,38;1,33;1,29;1,26;1,25;1,27;1,32;1,35;1,35;1,34;1,36;1,37;1,33;1,27;1,22;1,18;1,15;1,12;1,09;1,06;1,03;1,0;0,98;0,98;0,99;1,01;1,13;1,41;1,55;1,52;1,44;1,38;1,32;1,26;1,2;1,15;1,1;1,11;1,23;1,34;1,36;1,32;1,29;1,28;1,33;1,44;1,53
149;1,35;1,35;1,34;1,34;1,34;1,32;1,27;1,23;1,19;1,16;1,13;1,11;1,09;1,05;1,02;0,99;0,96;0,95;1,01;1,23;1,56;1,63;1,55;1,47;1,41;1,35;1,29;1,22;1,19;1,2;1,22;1,25;1,29;1,37;1,4;1,42;1,5;1,58;1,56;1,49;1,41;1,35;1,29;1,24;1,2;1,17;1,15;1,15
150;1,19;1,17;1,14;1,12;1,09;1,05;1,02;0,99;0,98;0,97;0,96;0,96;1,12;1,32;1,39;1,43;1,43;1,39;1,34;1,27;1,2;1,13;1,1;1,12;1,21;1,29;1,37;1,47;1,5;1,48;1,42;1,36;1,29;1,25;1,24;1,22;1,2;1,16;1,14;1,13;1,12;1,11;1,11;1,1;1,07;1,07;1,12;1,24
151;0,98;0,97;0,96;0,96;0,97;1,11;1,37;1,49;1,48;1,44;1,38;1,3;1,22;1,15;1,12;1,13;1,17;1,22;1,28;1,32;1,31;1,27;1,24;1,22;1,22;1,24;1,25;1,25;1,25;1,24;1,21;1,18;1,15;1,11;1,08;1,06;1,04;1,02;1,04;1,11;1,17;1,23;1,43;1,89;2,22;2,29;2,18;2,04
152;1,48;1,45;1,39;1,32;1,24;1,17;1,13;1,14;1,27;1,38;1,41;1,38;1,32;1,25;1,2;1,24;1,32;1,32;1,31;1,29;1,3;1,32;1,3;1,24;1,17;1,12;1,07;1,04;1,01;1,04;1,16;1,35;1,81;2,19;2,35;2,33;2,27;2,18;2,06;1,94;1,83;1,73;1,64;1,55;1,46;1,41;1,42;1,48
153;1,27;1,38;1,41;1,39;1,33;1,26;1,21;1,22;1,28;1,32;1,34;1,3;1,29;1,3;1,31;1,27;1,21;1,15;1,09;1,04;1,01;1,08;1,24;1,35;1,44;1,75;2,23;2,25;2,15;2,07;1,96;1,86;1,74;1,62;1,56;1,52;1,49;1,47;1,48;1,5;1,53;1,55;1,57;1,59;1,61;1,63;1,65;1,66
154;1,28;1,31;1,36;1,39;1,4;1,4;1,39;1,35;1,29;1,22;1,15;1,09;1,08;1,14;1,24;1,31;1,36;1,53;1,87;2,06;2,06;2,11;1,98;1,96;1,87;1,78;1,67;1,62;1,59;1,52;1,5;1,54;1,57;1,58;1,59;1,62;1,64;1,65;1,64;1,62;1,59;1,56;1,52;1,47;1,42;1,37;1,32;1,27
155;1,29;1,24;1,17;1,11;1,09;1,16;1,24;1,28;1,31;1,42;1,66;1,87;1,97;2,0;1,94;1,88;1,77;1,66;1,58;1,53;1,51;1,51;1,52;1,51;1,49;1,5;1,53;1,58;1,61;1,6;1,58;1,56;1,53;1,5;1,45;1,41;1,37;1,33;1,3;1,28;1,29;1,74;2,17;2,28;2,14;2,02;2,02;2,09
156;1,31;1,46;1,81;2,05;2,09;2,03;1,98;1,91;1,81;1,73;1,63;1,52;1,44;1,39;1,37;1,38;1,41;1,43;1,44;1,44;1,44;1,45;1,47;1,47;1,45;1,42;1,37;1,32;1,28;1,24;1,21;1,2;1,21;1,21;1,26;1,41;1,65;1,94;2,15;2,14;2,07;1,99;1,88;1,8;1,76;1,76;1,76;1,72
157;1,81;1,68;1,55;1,45;1,39;1,34;1,32;1,32;1,34;1,36;1,37;1,39;1,4;1,4;1,42;1,43;1,41;1,39;1,34;1,29;1,25;1,21;1,19;1,18;1,17;1,18;1,29;1,57;1,77;1,83;1,8;1,78;1,75;1,7;1,66;1,65;1,67;1,67;1,64;1,61;1,6;1,62;1,68;1,77;1,8;1,76;1,71;1,69
158;1,34;1,35;1,37;1,39;1,4;1,4;1,42;1,42;1,4;1,38;1,34;1,29;1,25;1,21;1,19;1,19;1,2;1,21;1,25;1,32;1,39;1,49;1,69;1,9;1,98;2,0;2,0;1,96;1,89;1,82;1,73;1,7;1,74;1,77;1,74;1,7;1,66;1,62;1,6;1,6;1,58;1,53;1,47;1,45;1,42;1,42;1,4;1,37
159;1,4;1,38;1,34;1,3;1,26;1,23;1,2;1,19;1,2;1,21;1,23;1,27;1,3;1,33;1,39;1,47;1,53;1,57;1,62;1,71;1,75;1,74;1,7;1,65;1,61;1,6;1,6;1,61;1,61;1,61;1,61;1,6;1,57;1,55;1,53;1,5;1,48;1,46;1,44;1,44;1,43;1,43;1,42;1,4;1,37;1,35;1,37;1,4
160;1,2;1,2;1,2;1,22;1,23;1,26;1,34;1,46;1,57;1,6;1,64;1,72;1,78;1,8;1,78;1,79;1,8;1,8;1,79;1,81;1,82;1,78;1,71;1,65;1,61;1,6;1,59;1,52;1,42;1,35;1,32;1,32;1,36;1,4;1,41;1,39;1,38;1,39;1,39;1,39;1,41;1,45;1,46;1,46;1,42;1,39;1,37;1,39
161;1,57;1,65;1,7;1,76;1,76;1,73;1,7;1,65;1,61;1,67;1,79;1,78;1,75;1,73;1,69;1,65;1,61;1,58;1,55;1,51;1,5;1,46;1,41;1,35;1,33;1,35;1,38;1,38;1,37;1,34;1,31;1,29;1,34;1,41;1,47;1,51;1,53;1,52;1,5;1,49;1,47;1,47;1,52;1,62;1,68;1,66;1,64;1,62
162;1,61;1,67;1,7;1,71;1,72;1,7;1,66;1,62;1,59;1,54;1,49;1,51;1,54;1,49;1,44;1,39;1,37;1,37;1,38;1,37;1,33;1,3;1,29;1,34;1,4;1,45;1,51;1,56;1,6;1,62;1,59;1,56;1,54;1,53;1,56;1,58;1,58;1,59;1,6;1,61;1,6;1,64;1,75;1,79;1,79;1,79;1,83;1,99
163;1,59;1,57;1,55;1,53;1,5;1,46;1,41;1,37;1,34;1,38;1,41;1,39;1,35;1,31;1,33;1,42;1,47;1,46;1,42;1,38;1,38;1,42;1,46;1,5;1,51;1,53;1,64;1,74;1,76;1,76;1,77;1,83;1,93;2,03;2,12;2,24;2,35;2,53;2,76;2,83;2,82;2,82;2,85;2,94;2,98;2,97;2,98;2,94
164;1,34;1,36;1,4;1,39;1,37;1,35;1,38;1,43;1,46;1,47;1,45;1,42;1,41;1,41;1,45;1,51;1,52;1,49;1,47;1,52;1,63;1,71;1,71;1,7;1,71;1,79;1,91;2,01;2,11;2,26;2,53;2,79;2,84;2,82;2,79;2,74;2,67;2,68;2,88;2,98;2,94;2,85;2,79;2,77;2,71;2,65;2,6;2,56
165;1,46;1,46;1,45;1,43;1,41;1,41;1,43;1,47;1,5;1,53;1,53;1,54;1,59;1,65;1,67;1,69;1,73;1,85;2,11;2,47;2,71;2,8000000000000003;2,78;2,71;2,67;2,66;2,61;2,54;2,48;2,53;2,83;2,98;2,93;2,82;2,74;2,66;2,59;2,51;2,44;2,37;2,28;2,18;2,08;2,01;1,95;1,91;1,87;1,84
166;1,5;1,52;1,52;1,54;1,57;1,59;1,61;1,64;1,69;1,78;1,92;2,05;2,18;2,41;2,66;2,7;2,69;2,68;2,66;2,65;2,61;2,56;2,62;2,72;2,77;2,79;2,76;2,71;2,67;2,58;2,49;2,4;2,28;2,17;2,07;2,0;1,98;1,97;1,95;1,94;1,93;1,91;1,88;1,85;1,82;1,8;1,77;1,73
167;1,69;1,78;1,9;2,01;2,11;2,2;2,35;2,6;2,76;2,8000000000000003;2,79;2,78;2,71;2,6;2,54;2,52;2,52;2,59;2,69;2,71;2,67;2,58;2,47;2,43;2,43;2,35;2,24;2,16;2,09;2,01;1,94;1,89;1,84;1,81;1,81;1,8;1,77;1,72;1,67;1,63;1,59;1,54;1,51;1,5;1,51;1,55;1,56;1,59
168;2,76;2,75;2,73;2,7;2,64;2,56;2,5;2,45;2,41;2,39;2,46;2,57;2,62;2,57;2,5;2,44;2,38;2,33;2,28;2,22;2,15;2,09;2,03;1,97;1,92;1,87;1,81;1,77;1,72;1,66;1,64;1,66;1,67;1,66;1,65;1,66;1,64;1,61;1,59;1,63;1,69;1,71;1,71;1,67;1,62;1,6;1,59;1,57
169;2,41;2,4;2,48;2,61;2,68;2,66;2,59;2,52;2,46;2,4;2,35;2,28;2,2;2,13;2,06;2,0;1,94;1,87;1,82;1,77;1,71;1,64;1,59;1,55;1,52;1,52;1,52;1,55;1,58;1,55;1,52;1,52;1,5;1,49;1,45;1,41;1,41;1,46;1,48;1,47;1,47;1,49;1,51;1,53;1,54;1,55;1,58;1,58
170;2,46;2,41;2,38;2,33;2,25;2,16;2,09;2,03;1,97;1,9;1,84;1,78;1,73;1,68;1,64;1,6;1,59;1,58;1,57;1,54;1,51;1,49;1,49;1,49;1,5;1,56;1,61;1,62;1,61;1,58;1,54;1,52;1,53;1,59;1,64;1,67;1,67;1,66;1,65;1,64;1,62;1,58;1,53;1,47;1,41;1,35;1,32;1,31
171;1,97;1,9;1,83;1,77;1,71;1,66;1,61;1,58;1,56;1,55;1,56;1,58;1,57;1,55;1,54;1,55;1,54;1,53;1,55;1,55;1,55;1,6;1,63;1,64;1,65;1,69;1,72;1,72;1,73;1,74;1,75;1,73;1,68;1,62;1,56;1,53;1,52;1,51;1,47;1,4;1,33;1,28;1,26;1,29;1,29;1,24;1,18;1,12
172;1,56;1,54;1,53;1,54;1,56;1,57;1,61;1,58;1,48;1,44;1,44;1,45;1,46;1,48;1,5;1,54;1,58;1,65;1,72;1,73;1,72;1,7;1,7;1,71;1,71;1,68;1,63;1,59;1,55;1,53;1,49;1,47;1,47;1,44;1,4;1,37;1,32;1,27;1,22;1,17;1,13;1,11;1,08;1,07;1,06;1,07;1,08;1,09
173;1,48;1,56;1,62;1,6;1,58;1,59;1,61;1,61;1,61;1,64;1,68;1,7;1,7;1,7;1,68;1,66;1,62;1,59;1,59;1,55;1,47;1,4;1,36;1,33;1,35;1,42;1,43;1,36;1,28;1,21;1,14;1,09;1,05;1,02;1,0;0,99;1,04;1,11;1,12;1,13;1,12;1,11;1,09;1,09;1,11;1,12;1,14;1,14
174;1,61;1,63;1,67;1,7;1,7;1,69;1,66;1,63;1,58;1,54;1,49;1,45;1,41;1,39;1,39;1,39;1,4;1,41;1,39;1,33;1,26;1,19;1,13;1,07;1,04;1,01;0,99;0,98;0,96;0,94;0,92;0,9;0,88;0,87;0,87;0,88;0,91;0,95;0,99;1,05;1,1;1,11;1,08;1,02;0,96;0,91;0,88;0,86
175;1,58;1,54;1,49;1,45;1,41;1,39;1,4;1,41;1,4;1,38;1,35;1,31;1,25;1,18;1,12;1,07;1,03;0,99;0,97;0,95;0,93;0,91;0,9;0,9;0,9;0,9;0,93;0,97;1,02;1,04;1,05;1,04;1,03;1,01;0,99;0,94;0,9;0,87;0,88;0,92;0,98;1,09;1,33;1,58;1,71;1,78;1,8;1,8
176;1,4;1,37;1,33;1,28;1,23;1,17;1,11;1,06;1,02;1,0;0,98;0,97;0,95;0,92;0,89;0,87;0,86;0,86;0,89;0,95;1,02;1,08;1,22;1,29;1,25;1,19;1,16;1,14;1,09;1,02;0,97;0,97;1,0;1,21;1,69;2,04;2,15;2,15;2,18;2,19;2,14;2,06;1,99;1,92;1,82;1,73;1,66;1,62
177;1,02;0,99;0,97;0,96;0,93;0,9;0,88;0,86;0,85;0,85;0,89;0,95;1,01;1,08;1,21;1,22;1,16;1,15;1,25;1,32;1,3;1,25;1,18;1,14;1,14;1,15;1,19;1,26;1,42;1,56;1,63;1,66;1,67;1,66;1,65;1,63;1,6;1,54;1,49;1,45;1,45;1,45;1,44;1,43;1,4;1,36;1,35;1,36
178;0,85;0,86;0,9;0,96;1,03;1,07;1,1;1,14;1,15;1,16;1,16;1,13;1,09;1,13;1,1;1,08;1,09;1,12;1,19;1,3;1,4;1,5;1,56;1,59;1,62;1,64;1,66;1,67;1,63;1,6;1,57;1,54;1,51;1,47;1,43;1,4;1,39;1,38;1,38;1,38;1,37;1,34;1,3;1,26;1,2;1,15;1,1;1,09
179;1,15;1,14;1,15;1,14;1,09;1,06;1,04;1,03;1,04;1,09;1,17;1,28;1,39;1,48;1,55;1,6;1,65;1,67;1,69;1,68;1,63;1,57;1,52;1,5;1,47;1,43;1,38;1,35;1,33;1,33;1,33;1,34;1,34;1,33;1,3;1,24;1,17;1,11;1,06;1,04;1,06;1,09;1,08;1,08;1,12;1,1;1,06;1,02
180;1,04;1,1;1,19;1,29;1,4;1,49;1,56;1,6;1,63;1,63;1,61;1,6;1,57;1,53;1,49;1,45;1,42;1,39;1,36;1,34;1,32;1,31;1,3;1,3;1,28;1,26;1,24;1,22;1,18;1,13;1,09;1,06;1,03;1,02;1,02;1,03;1,04;1,02;1,0;0,99;1,07;1,18;1,2;1,22;1,25;1,26;1,27;1,29
181;1,63;1,63;1,61;1,6;1,58;1,54;1,5;1,47;1,45;1,42;1,37;1,35;1,32;1,31;1,3;1,3;1,28;1,25;1,25;1,29;1,25;1,17;1,11;1,05;1,0;0,97;0,96;0,97;0,97;0,94;0,9;0,88;0,86;0,84;0,8300000000000001;0,8300000000000001;0,81;0,8;0,81;0,87;0,96;0,99;0,99;1,01;1,08;1,13;1,16;1,19
182;1,45;1,4;1,36;1,34;1,32;1,31;1,3;1,3;1,28;1,26;1,22;1,19;1,14;1,08;1,03;1,0;0,96;0,92;0,9;0,92;0,94;0,94;0,92;0,88;0,86;0,84;0,8200000000000001;0,8200000000000001;0,8300000000000001;0,84;0,88;0,99;1,1;1,15;1,15;1,14;1,13;1,12;1,12;1,13;1,12;1,13;1,16;1,21;1,25;1,24;1,22;1,22
183;1,28;1,25;1,22;1,2;1,16;1,11;1,06;1,01;0,98;0,95;0,94;0,94;0,98;0,99;0,96;0,9;0,86;0,86;0,89;0,92;0,95;1,0;1,05;1,09;1,16;1,22;1,28;1,27;1,2;1,12;1,08;1,06;1,07;1,18;1,28;1,29;1,24;1,18;1,16;1,19;1,34;1,49;1,55;1,57;1,58;1,58;1,59;1,6
184;0,98;1,0;1,04;1,09;1,13;1,15;1,1;1,04;1,03;1,06;1,07;1,06;1,05;1,03;1,04;1,05;1,05;1,08;1,12;1,16;1,16;1,14;1,1;1,05;1,03;1,06;1,15;1,23;1,25;1,24;1,24;1,26;1,27;1,28;1,31;1,39;1,44;1,43;1,42;1,43;1,45;1,43;1,42;1,47;1,51;1,52;1,54;1,55
185;1,03;1,02;1,03;1,05;1,05;1,05;1,04;1,05;1,17;1,27;1,25;1,22;1,18;1,14;1,1;1,08;1,05;1,02;1,06;1,16;1,23;1,24;1,21;1,18;1,2;1,25;1,33;1,39;1,41;1,41;1,44;1,46;1,43;1,38;1,38;1,46;1,57;1,64;1,67;1,73;1,72;1,66;1,57;1,51;1,47;1,43;2,06;3,31
186;1,17;1,25;1,27;1,26;1,24;1,21;1,17;1,14;1,1;1,06;1,07;1,19;1,25;1,25;1,22;1,21;1,25;1,4;1,51;1,52;1,52;1,53;1,53;1,5;1,55;1,7;1,77;1,78;1,77;1,74;1,72;1,76;1,74;1,67;1,6;1,55;1,51;1,51;1,51;1,71;2,31;2,58;2,51;2,44;2,33;2,27;2,32;2,31
187;1,1;1,07;1,06;1,14;1,27;1,29;1,26;1,29;1,39;1,51;1,64;1,72;1,71;1,68;1,64;1,59;1,63;1,72;1,73;1,72;1,72;1,74;1,74;1,72;1,69;1,65;1,6;1,57;1,54;1,51;1,49;2,17;2,88;2,92;2,88;2,73;2,57;2,5;2,54;2,5500000000000003;2,49;2,39;2,27;2,18;2,12;2,09;2,1;2,03
188;1,39;1,56;1,64;1,66;1,64;1,62;1,58;1,53;1,51;1,6;1,65;1,72;1,77;1,77;1,75;1,75;1,74;1,69;1,64;1,54;1,47;1,43;1,4;1,49;2,7;2,9;2,87;2,97;2,85;2,72;2,68;2,61;2,52;2,46;2,36;2,29;2,28;2,26;2,22;2,15;2,05;1,95;1,87;1,83;1,85;1,99;2,19;2,29
189;1,51;1,59;1,63;1,65;1,76;1,83;1,81;1,78;1,75;1,82;1,73;1,59;1,51;1,48;1,45;1,44;2,21;2,65;2,75;2,72;2,65;2,6;2,5500000000000003;2,54;2,52;2,49;2,38;2,26;2,19;2,12;2,06;2,01;1,98;1,97;1,99;1,98;1,95;1,97;2,08;2,15;2,12;2,02;1,9;1,81;1,78;1,8;1,84;1,87
190;1,75;1,72;1,64;1,55;1,47;1,43;1,41;1,49;2,4;2,74;2,66;2,6;2,5500000000000003;2,46;2,4;2,4;2,44;2,41;2,33;2,21;2,14;2,07;2,0;2,03;2,09;2,04;2,04;2,02;1,92;1,82;1,93;2,2;2,29;2,25;2,17;2,1;2,03;1,96;1,91;1,85;1,77;1,7;1,62;1,55;1,5;1,46;1,46;1,45
191;2,4;2,56;2,52;2,42;2,33;2,28;2,24;2,28;2,41;2,63;2,7;2,5500000000000003;2,44;2,33;2,22;2,1;2,0;1,9;1,84;1,79;1,76;1,84;2,07;2,27;2,33;2,28;2,19;2,08;1,95;1,84;1,74;1,67;1,61;1,56;1,52;1,51;1,49;1,47;1,44;1,44;1,5;1,52;1,47;1,39;1,32;1,29;1,28;1,32
192;2,41;2,5500000000000003;2,65;2,56;2,42;2,29;2,21;2,17;2,09;1,99;1,9;1,82;1,75;1,7;1,79;2,06;2,24;2,27;2,23;2,16;2,08;1,99;1,91;1,86;1,82;1,76;1,74;1,76;1,75;1,71;1,67;1,64;1,64;1,7;1,84;1,88;1,82;1,79;1,77;1,74;1,79;1,88;1,94;1,98;1,96;1,87;1,78;1,76
193;2,09;1,99;1,89;1,82;1,75;1,69;1,64;1,68;1,83;2,03;2,2;2,22;2,18;2,14;2,07;1,99;1,91;1,82;1,76;1,72;1,69;1,67;1,66;1,69;1,77;1,82;1,82;1,82;1,79;1,73;1,65;1,64;1,73;1,82;1,91;2,01;2,04;2,04;2,03;1,98;1,91;1,86;1,8;1,77;1,76;1,75;1,73;1,71
194;1,83;2,02;2,15;2,18;2,18;2,15;2,1;2,05;1,98;1,9;1,85;1,84;1,83;1,79;1,77;1,77;1,79;1,87;2,01;2,02;1,97;1,91;1,85;1,79;1,8;1,85;1,95;2,02;2,05;2,05;2,07;2,12;2,06;1,96;1,91;1,92;1,99;2,03;2,03;2,05;2,07;2,11;2,1;2,06;1,99;1,92;1,87;1,83
195;1,98;1,94;1,92;1,91;1,89;1,86;1,84;1,82;1,8;1,83;1,86;1,86;1,82;1,76;1,72;1,77;1,9;2,01;2,04;2,03;1,98;1,92;1,9;1,93;1,98;2,0;1,96;1,96;1,95;1,96;2,07;2,16;2,12;2,01;1,92;1,84;1,77;1,76;1,83;1,92;1,98;2,02;2,05;2,05;2,01;1,96;1,96;2,02
196;1,8;1,81;1,84;1,87;1,85;1,79;1,75;1,79;1,88;2,04;2,16;2,15;2,07;1,98;1,92;1,9;1,87;1,84;1,83;1,84;1,86;1,91;2,13;2,33;2,27;2,11;1,99;1,89;1,8;1,75;1,77;1,8;1,85;1,9;1,93;1,97;2,06;2,14;2,16;2,17;2,2;2,24;2,26;2,24;2,26;2,24;2,19;2,15
197;1,88;1,99;2,1;2,1;2,01;1,93;1,9;1,88;1,88;1,9;1,95;1,98;2,03;2,12;2,22;2,23;2,13;2,01;1,92;1,85;1,83;1,84;1,83;1,81;1,84;1,92;2,0;2,08;2,14;2,15;2,15;2,22;2,32;2,3000000000000003;2,28;2,25;2,2;2,16;2,15;2,14;2,24;2,58;2,71;2,65;2,58;2,5;2,42;2,38
198;1,88;1,92;1,97;2,05;2,22;2,27;2,22;2,14;2,04;1,95;1,9;1,85;1,81;1,83;1,85;1,88;1,95;2,03;2,07;2,07;2,09;2,15;2,21;2,25;2,28;2,26;2,26;2,3000000000000003;2,33;2,31;2,26;2,25;2,5;2,7;2,71;2,68;2,64;2,59;2,5500000000000003;2,6;2,77;2,9;2,88;2,8000000000000003;2,67;2,56;2,53;2,58
199;2,04;1,95;1,88;1,83;1,81;1,8;1,81;1,86;1,92;1,98;2,01;2,0;2,05;2,18;2,22;2,2;2,23;2,29;2,32;2,29;2,25;2,21;2,18;2,16;2,17;2,3000000000000003;2,54;2,65;2,59;2,5;2,43;2,4;2,36;2,32;2,36;2,7;2,88;2,82;2,69;2,52;2,42;2,43;2,41;2,31;2,19;2,12;2,13;2,13
200;1,92;2,0;2,05;2,06;2,04;2,04;2,12;2,19;2,19;2,17;2,17;2,19;2,2;2,19;2,17;2,14;2,11;2,16;2,41;2,61;2,6;2,5;2,41;2,37;2,42;2,49;2,52;2,56;2,7;2,72;2,62;2,54;2,46;2,36;2,3000000000000003;2,29;2,22;2,13;2,07;2,05;2,06;2,03;2,0;1,99;1,96;1,94;1,92;1,92
201;2,19;2,19;2,17;2,19;2,24;2,23;2,18;2,14;2,1;2,08;2,29;2,5500000000000003;2,57;2,45;2,34;2,32;2,37;2,38;2,35;2,35;2,48;2,64;2,63;2,5500000000000003;2,44;2,35;2,25;2,19;2,19;2,15;2,06;1,99;1,98;1,98;1,93;1,9;1,86;1,83;1,79;1,76;1,79;1,84;1,86;1,85;1,89;1,98;2,01;2,0
202;2,1;2,09;2,3000000000000003;2,6;2,63;2,52;2,43;2,38;2,37;2,37;2,32;2,36;2,51;2,63;2,62;2,51;2,4;2,3000000000000003;2,2;2,16;2,2;2,18;2,09;2,01;2,0;2,0;1,96;1,95;1,96;1,93;1,87;1,81;1,74;1,69;1,69;1,7;1,69;1,68;1,67;1,65;1,64;1,63;1,61;1,59;1,57;1,56;1,55;1,69
203;2,37;2,37;2,33;2,29;2,35;2,54;2,59;2,53;2,43;2,32;2,26;2,2;2,14;2,1;2,08;2,06;2,02;1,94;1,88;1,82;1,77;1,84;1,94;1,93;1,87;1,83;1,79;1,75;1,72;1,69;1,65;1,63;1,61;1,59;1,56;1,55;1,57;1,71;1,84;1,84;1,84;1,82;1,76;1,69;1,63;1,6;1,63;1,69
204;2,43;2,35;2,3000000000000003;2,25;2,18;2,11;2,06;2,03;1,98;1,92;1,86;1,81;1,77;1,73;1,73;1,83;1,88;1,88;1,87;1,83;1,77;1,73;1,68;1,61;1,57;1,55;1,53;1,51;1,52;1,52;1,63;1,82;1,86;1,83;1,78;1,72;1,7;1,67;1,65;1,67;1,68;1,66;1,64;1,65;1,68;1,71;1,74;1,75
205;1,98;1,93;1,87;1,81;1,76;1,73;1,75;1,78;1,77;1,76;1,82;1,82;1,73;1,64;1,58;1,57;1,6;1,61;1,61;1,67;1,78;1,86;1,79;1,68;1,65;1,64;1,63;1,62;1,59;1,56;1,51;1,47;1,45;1,42;1,43;1,53;1,61;1,66;1,69;1,71;1,72;1,7;1,67;1,69;1,69;1,65;1,61;1,57
206;1,77;1,76;1,76;1,76;1,71;1,63;1,57;1,55;1,57;1,61;1,6;1,63;1,72;1,76;1,77;1,71;1,65;1,58;1,52;1,51;1,52;1,52;1,52;1,52;1,52;1,51;1,61;1,65;1,62;1,58;1,56;1,56;1,58;1,58;1,61;1,65;1,66;1,64;1,59;1,55;1,52;1,5;1,5;1,48;1,45;1,41;1,4;1,52
207;1,57;1,62;1,62;1,59;1,56;1,57;1,65;1,74;1,76;1,72;1,68;1,67;1,64;1,61;1,61;1,63;1,64;1,63;1,63;1,65;1,63;1,59;1,56;1,56;1,56;1,55;1,51;1,47;1,43;1,4;1,37;1,37;1,46;1,54;1,53;1,51;1,46;1,39;1,35;1,32;1,29;1,27;1,27;1,24;1,22;1,22;1,21;1,22
208;1,76;1,74;1,71;1,71;1,71;1,68;1,65;1,63;1,61;1,61;1,66;1,67;1,61;1,57;1,56;1,59;1,6;1,57;1,54;1,49;1,43;1,39;1,34;1,32;1,32;1,38;1,49;1,55;1,5;1,41;1,35;1,33;1,31;1,28;1,23;1,17;1,13;1,12;1,14;1,19;1,23;1,25;1,28;1,29;1,27;1,27;1,27;1,27
209;1,61;1,61;1,61;1,62;1,61;1,58;1,57;1,58;1,58;1,56;1,52;1,47;1,42;1,38;1,35;1,32;1,3;1,31;1,38;1,43;1,4;1,35;1,31;1,31;1,31;1,28;1,27;1,36;1,41;1,37;1,32;1,29;1,3;1,32;1,32;1,36;1,4;1,39;1,36;1,33;1,33;1,34;1,39;1,47;1,55;1,58;1,58;1,56
210;1,58;1,56;1,52;1,47;1,42;1,38;1,34;1,31;1,29;1,28;1,32;1,41;1,41;1,35;1,31;1,32;1,3;1,27;1,3;1,3;1,28;1,29;1,32;1,43;1,51;1,45;1,4;1,42;1,44;1,44;1,42;1,5;1,59;1,64;1,67;1,69;1,71;1,74;1,77;1,8;1,83;1,86;1,85;1,83;1,79;1,75;1,73;1,71
211;1,29;1,28;1,32;1,39;1,4;1,35;1,3;1,29;1,28;1,25;1,24;1,23;1,22;1,2;1,26;1,38;1,4;1,38;1,35;1,37;1,39;1,38;1,37;1,43;1,54;1,6;1,62;1,61;1,6;1,6;1,57;1,53;1,51;1,59;1,71;1,77;1,76;1,73;1,7;1,69;1,74;1,74;1,71;1,7;1,67;1,64;1,62;1,58
212;1,28;1,27;1,27;1,29;1,28;1,25;1,27;1,35;1,43;1,45;1,44;1,46;1,46;1,45;1,45;1,47;1,5;1,52;1,54;1,58;1,62;1,67;1,7;1,72;1,73;1,74;1,71;1,68;1,65;1,62;1,6;1,61;1,64;1,66;1,7;1,77;1,81;1,78;1,71;1,67;1,63;1,58;1,54;1,51;1,46;1,42;1,39;1,39
213;1,43;1,44;1,45;1,48;1,52;1,53;1,51;1,47;1,44;1,44;1,53;1,63;1,61;1,55;1,5;1,51;1,57;1,6;1,62;1,66;1,69;1,68;1,67;1,65;1,64;1,62;1,61;1,61;1,62;1,63;1,6;1,55;1,5;1,45;1,42;1,44;1,44;1,41;1,4;1,4;1,39;1,36;1,34;1,35;1,36;1,35;1,33;1,3
214;1,44;1,45;1,55;1,68;1,69;1,64;1,58;1,52;1,46;1,42;1,48;1,54;1,56;1,58;1,6;1,6;1,59;1,58;1,57;1,57;1,6;1,61;1,59;1,56;1,52;1,48;1,45;1,43;1,4;1,38;1,35;1,35;1,38;1,41;1,4;1,38;1,35;1,31;1,27;1,24;1,23;1,26;1,3;1,33;1,34;1,32;1,31;1,32
215;1,46;1,44;1,52;1,6;1,62;1,6;1,6;1,62;1,63;1,61;1,59;1,59;1,6;1,59;1,57;1,56;1,56;1,53;1,49;1,47;1,49;1,51;1,51;1,49;1,45;1,4;1,35;1,31;1,29;1,28;1,29;1,3;1,3;1,32;1,33;1,3;1,27;1,23;1,22;1,22;1,24;1,27;1,34;1,41;1,39;1,36;1,32;1,27
216;1,63;1,61;1,6;1,61;1,62;1,6;1,58;1,57;1,56;1,53;1,5;1,46;1,43;1,4;1,38;1,41;1,42;1,39;1,36;1,33;1,31;1,3;1,3;1,32;1,34;1,34;1,33;1,31;1,29;1,28;1,28;1,3;1,34;1,37;1,37;1,4;1,37;1,31;1,26;1,24;1,22;1,18;1,36;1,87;1,99;1,92;1,83;1,77
217;1,56;1,54;1,52;1,49;1,46;1,42;1,41;1,45;1,47;1,44;1,39;1,35;1,31;1,29;1,27;1,27;1,27;1,28;1,27;1,25;1,22;1,19;1,17;1,24;1,38;1,41;1,39;1,4;1,4;1,38;1,36;1,33;1,26;1,2;1,16;1,23;1,88;2,09;1,97;1,84;1,78;1,73;1,69;1,67;1,67;1,72;1,81;1,82
218;1,47;1,45;1,41;1,37;1,33;1,29;1,28;1,27;1,28;1,31;1,34;1,32;1,28;1,24;1,22;1,26;1,34;1,39;1,42;1,4;1,36;1,35;1,37;1,36;1,3;1,24;1,24;1,68;1,8;1,75;1,74;1,7;1,65;1,64;1,67;1,69;1,71;1,74;1,78;1,83;1,84;1,82;1,78;1,74;1,69;1,63;1,57;1,51
219;1,28;1,33;1,4;1,44;1,41;1,38;1,36;1,35;1,41;1,51;1,57;1,55;1,51;1,48;1,44;1,39;1,33;1,27;1,5;1,92;1,98;1,9;1,87;1,87;1,82;1,76;1,73;1,74;1,73;1,72;1,71;1,71;1,7;1,68;1,65;1,61;1,56;1,51;1,46;1,44;1,42;1,4;1,42;1,43;1,39;1,35;1,34;1,35
220;1,41;1,52;1,59;1,62;1,6;1,54;1,47;1,4;1,34;1,31;1,68;2,04;1,96;1,86;1,82;1,76;1,7;1,67;1,66;1,63;1,6;1,58;1,59;1,6;1,61;1,61;1,6;1,58;1,54;1,5;1,47;1,45;1,45;1,41;1,37;1,37;1,42;1,46;1,43;1,38;1,32;1,28;1,26;1,26;1,26;1,24;1,22;1,27
221;1,34;1,35;1,8;1,98;1,92;1,86;1,84;1,8;1,74;1,68;1,64;1,63;1,62;1,63;1,67;1,73;1,77;1,75;1,7;1,65;1,59;1,54;1,5;1,46;1,43;1,4;1,37;1,36;1,34;1,34;1,39;1,43;1,43;1,43;1,39;1,36;1,36;1,35;1,38;1,41;1,4;1,34;1,29;1,29;1,31;1,3;1,28;1,25
222;1,74;1,67;1,64;1,62;1,61;1,63;1,66;1,69;1,69;1,7;1,68;1,64;1,59;1,55;1,51;1,47;1,44;1,4;1,36;1,33;1,32;1,34;1,35;1,35;1,34;1,35;1,34;1,34;1,36;1,37;1,35;1,32;1,31;1,29;1,24;1,21;1,21;1,22;1,22;1,21;1,22;1,23;1,37;1,57;1,66;1,68;1,68;1,65
223;1,69;1,7;1,69;1,65;1,59;1,55;1,51;1,47;1,44;1,4;1,35;1,3;1,25;1,21;1,19;1,19;1,18;1,19;1,2;1,21;1,21;1,24;1,25;1,25;1,24;1,22;1,19;1,19;1,22;1,23;1,23;1,22;1,21;1,2;1,18;1,17;1,16;1,21;1,27;1,29;1,29;1,28;1,26;1,23;1,21;1,18;1,18;1,18
224;1,44;1,4;1,35;1,3;1,24;1,2;1,16;1,14;1,13;1,11;1,09;1,11;1,12;1,14;1,16;1,17;1,18;1,19;1,2;1,23;1,25;1,25;1,24;1,23;1,21;1,19;1,17;1,19;1,25;1,32;1,37;1,4;1,4;1,37;1,32;1,28;1,25;1,23;1,22;1,22;1,22;1,21;1,24;1,28;1,37;1,43;1,43;1,4
225;1,13;1,13;1,15;1,15;1,16;1,17;1,18;1,22;1,24;1,25;1,24;1,23;1,22;1,22;1,21;1,19;1,18;1,16;1,15;1,14;1,16;1,28;1,43;1,48;1,47;1,43;1,39;1,34;1,29;1,24;1,21;1,2;1,19;1,18;1,16;1,14;1,15;1,15;1,18;1,23;1,25;1,26;1,27;1,27;1,28;1,27;1,29;1,36
226;1,24;1,25;1,24;1,23;1,22;1,22;1,2;1,19;1,2;1,18;1,16;1,2;1,33;1,48;1,59;1,62;1,57;1,52;1,45;1,39;1,32;1,27;1,23;1,21;1,19;1,18;1,18;1,17;1,15;1,12;1,1;1,09;1,09;1,06;1,04;1,03;1,05;1,08;1,12;1,15;1,2;1,34;1,52;1,64;1,71;1,75;1,94;2,23
227;1,2;1,19;1,18;1,19;1,23;1,3;1,36;1,43;1,48;1,46;1,42;1,37;1,32;1,28;1,25;1,24;1,22;1,21;1,22;1,2;1,18;1,14;1,11;1,09;1,09;1,07;1,06;1,06;1,1;1,14;1,18;1,27;1,59;1,95;2,11;2,23;2,21;2,08;2,04;2,08;2,08;2,06;2,09;2,11;2,09;2,03;1,95;1,88
228;1,48;1,45;1,41;1,36;1,32;1,28;1,24;1,23;1,21;1,19;1,18;1,19;1,2;1,18;1,14;1,1;1,07;1,04;1,02;1,02;1,05;1,09;1,15;1,21;1,27;1,38;1,54;1,66;1,69;1,67;1,62;1,57;1,53;1,54;1,56;1,6;1,67;1,69;1,65;1,6;1,59;1,58;1,57;1,65;1,72;1,68;1,63;1,67
229;1,21;1,2;1,19;1,19;1,21;1,23;1,23;1,2;1,15;1,1;1,07;1,04;1,01;1,02;1,08;1,2;1,32;1,42;1,54;1,68;1,79;1,79;1,75;1,79;1,87;1,85;1,82;1,81;1,8;1,77;1,75;1,76;1,74;1,68;1,61;1,55;1,53;1,52;1,54;1,61;1,83;1,94;1,88;1,8;1,74;1,76;1,74;1,65
230;1,15;1,11;1,08;1,06;1,03;1,01;1,03;1,09;1,18;1,3;1,42;1,53;1,58;1,56;1,59;1,69;1,83;1,94;1,94;1,91;1,88;1,85;1,81;1,78;1,74;1,69;1,61;1,53;1,48;1,48;1,57;1,74;1,78;1,85;1,8;1,68;1,63;1,64;1,56;1,49;1,42;1,4;1,41;1,48;1,56;1,55;1,47;1,4
231;1,18;1,29;1,39;1,51;1,56;1,54;1,53;1,61;1,8;2,01;2,04;2,03;2,0;1,95;1,92;1,9;1,86;1,8;1,71;1,61;1,53;1,48;1,47;1,54;1,62;1,63;1,65;1,61;1,55;1,45;1,36;1,32;1,29;1,27;1,3;1,43;1,57;1,64;1,62;1,57;1,56;1,57;1,6;1,8;1,83;1,73;1,56;1,51
232;1,8;1,95;1,95;1,89;1,87;1,86;1,87;1,87;1,83;1,76;1,68;1,59;1,5;1,44;1,42;1,42;1,49;1,59;1,68;1,73;1,67;1,56;1,52;1,59;1,64;1,64;1,6;1,68;1,81;1,82;1,76;1,73;1,81;2,15;2,11;2,27;2,51;2,38;2,19;2,17;2,16;2,13;2,07;2,02;1,99;1,87;1,77;1,7
233;1,83;1,78;1,71;1,64;1,56;1,5;1,55;1,57;1,6;1,63;1,7;1,84;1,86;1,81;1,74;1,66;1,64;1,64;1,69;1,81;1,8;1,77;1,69;1,65;1,66;1,87;2,09;2,02;1,96;1,89;1,9;1,85;1,8;1,78;1,76;1,77;1,77;1,75;1,73;1,72;1,7;1,63;1,54;1,49;1,46;1,44;1,42;1,41
234;1,6;1,69;1,71;1,72;1,69;1,64;1,6;1,54;1,47;1,43;1,44;1,61;1,76;1,75;1,76;1,78;1,81;1,77;1,79;1,85;2,01;2,07;1,94;1,81;1,74;1,69;1,66;1,63;1,6;1,59;1,55;1,53;1,52;1,49;1,46;1,43;1,4;1,35;1,31;1,29;1,3;1,28;1,25;1,21;1,2;1,2;1,21;1,21
235;1,47;1,43;1,44;1,51;1,64;1,75;1,84;1,83;1,81;1,83;2,01;2,26;2,3000000000000003;2,24;2,13;1,97;2,0;2,07;2,02;1,92;1,83;1,67;1,55;1,49;1,44;1,38;1,34;1,31;1,27;1,24;1,22;1,22;1,24;1,25;1,27;1,28;1,29;1,29;1,28;1,26;1,22;1,21;1,42;1,55;1,57;1,58;1,59;1,6
236;1,81;1,87;1,93;2,05;2,22;2,18;2,11;2,06;2,03;2,03;1,94;1,83;1,71;1,6;1,53;1,51;1,5;1,48;1,45;1,41;1,37;1,34;1,31;1,3;1,3;1,32;1,32;1,33;1,33;1,32;1,29;1,27;1,31;1,45;1,64;1,8;1,82;1,8;1,83;1,9;1,97;2,03;2,07;2,06;2,0;1,94;1,91;1,92
237;2,03;1,96;1,88;1,84;1,79;1,75;1,68;1,58;1,49;1,41;1,36;1,31;1,3;1,31;1,31;1,3;1,3;1,31;1,32;1,34;1,33;1,32;1,31;1,29;1,27;1,26;1,31;1,52;1,64;1,64;1,62;1,65;1,7;1,77;1,86;1,92;1,92;1,89;1,85;1,83;1,82;1,86;1,85;1,82;1,8;1,79;1,79;1,78
238;1,49;1,42;1,37;1,33;1,29;1,27;1,26;1,26;1,27;1,28;1,3;1,32;1,32;1,32;1,3;1,28;1,29;1,38;1,62;1,79;1,82;1,8;1,8;1,81;1,85;1,9;1,95;2,02;2,05;2,04;2,01;2,0;1,99;2,0;2,04;2,09;2,11;2,11;2,12;2,06;1,97;1,91;1,88;1,86;1,82;1,75;1,72;1,73
239;1,27;1,28;1,29;1,3;1,31;1,31;1,3;1,29;1,28;1,3;1,51;1,78;1,87;1,85;1,82;1,84;1,88;1,93;1,96;1,97;1,96;1,97;2,01;2,03;1,98;1,9;1,83;1,77;1,77;1,8;1,82;1,86;1,87;1,84;1,82;1,83;1,83;1,81;1,79;1,76;1,75;1,76;1,76;1,78;1,79;1,76;1,71;1,66
240;1,28;1,31;1,4;1,58;1,74;1,77;1,76;1,79;1,83;1,85;1,88;1,92;1,92;1,89;1,88;1,93;1,96;1,93;1,89;1,87;1,85;1,82;1,81;1,82;1,82;1,81;1,82;1,81;1,77;1,72;1,7;1,71;1,72;1,72;1,76;1,84;1,85;1,82;1,77;1,73;1,72;1,71;1,71;1,74;1,79;1,83;1,83;1,81
241;1,83;1,86;1,91;1,95;1,95;1,92;1,89;1,88;1,88;1,86;1,83;1,8;1,76;1,73;1,77;1,84;1,86;1,85;1,87;1,87;1,84;1,81;1,79;1,77;1,74;1,71;1,7;1,76;1,79;1,78;1,76;1,74;1,72;1,71;1,72;1,76;1,8;1,83;1,84;1,79;1,76;1,73;1,71;1,68;1,68;1,67;1,66;1,66
242;1,88;1,91;1,9;1,9;1,9;1,88;1,85;1,83;1,79;1,77;1,8;1,83;1,82;1,81;1,81;1,79;1,76;1,72;1,71;1,73;1,76;1,77;1,76;1,8;1,85;1,85;1,85;1,82;1,78;1,75;1,73;1,72;1,72;1,73;1,78;1,82;1,83;1,83;1,83;1,8;1,74;1,69;1,67;1,67;1,66;1,64;1,61;1,58
243;1,79;1,79;1,81;1,81;1,81;1,84;1,87;1,84;1,8;1,78;1,82;1,88;1,93;1,93;1,91;1,88;1,87;1,83;1,79;1,77;1,76;1,77;1,79;1,82;1,84;1,84;1,88;1,94;1,98;1,98;1,95;1,91;1,86;1,8;1,74;1,7;1,66;1,61;1,57;1,53;1,48;1,44;1,42;1,42;1,4;1,39;1,4;1,42
244;1,8;1,8;1,89;1,98;1,96;1,9;1,84;1,79;1,76;1,74;1,73;1,71;1,69;1,69;1,72;1,77;1,8;1,81;1,81;1,81;1,78;1,75;1,75;1,84;1,88;1,83;1,75;1,68;1,63;1,58;1,52;1,46;1,42;1,38;1,36;1,35;1,36;1,37;1,38;1,4;1,41;1,39;1,36;1,32;1,28;1,25;1,25;1,28
245;1,76;1,73;1,72;1,72;1,71;1,7;1,7;1,71;1,72;1,73;1,73;1,72;1,72;1,7;1,69;1,74;1,79;1,77;1,71;1,67;1,65;1,63;1,57;1,51;1,47;1,47;1,49;1,51;1,5;1,49;1,48;1,46;1,43;1,4;1,36;1,32;1,29;1,28;1,27;1,27;1,28;1,31;1,33;1,31;1,28;1,26;1,28;1,31
246;1,72;1,74;1,74;1,74;1,72;1,69;1,67;1,68;1,71;1,75;1,75;1,71;1,64;1,59;1,56;1,55;1,52;1,49;1,48;1,49;1,5;1,51;1,51;1,5;1,46;1,41;1,36;1,32;1,27;1,23;1,2;1,18;1,18;1,16;1,14;1,23;1,35;1,36;1,32;1,3;1,31;1,31;1,3;1,28;1,3;1,32;1,36;1,38
247;1,71;1,74;1,72;1,7;1,69;1,65;1,6;1,55;1,49;1,46;1,46;1,52;1,55;1,55;1,56;1,53;1,48;1,44;1,41;1,37;1,32;1,27;1,23;1,23;1,25;1,26;1,22;1,19;1,18;1,18;1,2;1,23;1,27;1,33;1,34;1,34;1,34;1,38;1,41;1,43;1,44;1,46;1,49;1,47;1,42;1,37;1,35;1,35
248;1,49;1,47;1,48;1,52;1,55;1,54;1,52;1,51;1,48;1,44;1,39;1,36;1,34;1,34;1,32;1,29;1,27;1,25;1,24;1,21;1,18;1,17;1,19;1,22;1,2;1,21;1,34;1,41;1,45;1,5;1,53;1,54;1,51;1,45;1,39;1,35;1,3;1,27;1,28;1,32;1,35;1,4;1,44;1,43;1,4;1,38;1,35;1,33
249;1,48;1,44;1,41;1,4;1,4;1,39;1,37;1,36;1,35;1,35;1,32;1,29;1,27;1,27;1,26;1,3;1,32;1,33;1,42;1,47;1,45;1,44;1,43;1,45;1,44;1,39;1,34;1,28;1,23;1,18;1,15;1,16;1,18;1,2;1,23;1,3;1,32;1,3;1,29;1,29;1,29;1,28;1,27;1,25;1,22;1,22;1,22;1,22
250;1,35;1,39;1,42;1,43;1,39;1,34;1,32;1,34;1,38;1,38;1,4;1,44;1,48;1,49;1,48;1,48;1,48;1,46;1,43;1,4;1,35;1,31;1,26;1,23;1,2;1,2;1,23;1,28;1,31;1,31;1,29;1,27;1,24;1,23;1,25;1,28;1,29;1,27;1,26;1,25;1,25;1,28;1,31;1,34;1,37;1,41;1,43;1,44
251;1,38;1,43;1,47;1,52;1,54;1,52;1,51;1,52;1,52;1,52;1,51;1,47;1,41;1,36;1,34;1,38;1,39;1,36;1,32;1,29;1,25;1,24;1,25;1,28;1,31;1,32;1,33;1,33;1,34;1,32;1,31;1,3;1,29;1,3;1,32;1,36;1,4;1,43;1,45;1,45;1,44;1,42;1,42;1,44;1,43;1,41;1,4;1,39
252;1,52;1,51;1,49;1,46;1,41;1,37;1,35;1,33;1,32;1,29;1,28;1,31;1,32;1,3;1,28;1,27;1,26;1,27;1,28;1,28;1,29;1,3;1,31;1,33;1,35;1,35;1,35;1,39;1,45;1,48;1,48;1,48;1,46;1,44;1,43;1,43;1,41;1,39;1,4;1,46;1,51;1,55;1,6;1,64;1,63;1,59;1,52;1,43
253;1,32;1,29;1,27;1,25;1,25;1,26;1,28;1,29;1,29;1,29;1,3;1,29;1,26;1,24;1,22;1,22;1,24;1,26;1,31;1,36;1,41;1,44;1,45;1,47;1,46;1,45;1,42;1,39;1,36;1,33;1,32;1,36;1,4;1,46;1,52;1,57;1,61;1,6;1,56;1,48;1,41;1,34;1,27;1,21;1,14;1,08;1,1;1,23
254;1,29;1,29;1,3;1,3;1,29;1,26;1,24;1,24;1,23;1,25;1,29;1,32;1,36;1,38;1,4;1,42;1,43;1,43;1,43;1,41;1,38;1,36;1,39;1,46;1,53;1,57;1,64;1,71;1,73;1,71;1,72;1,67;1,61;1,57;1,5;1,43;1,36;1,29;1,24;1,24;1,3;1,42;1,55;1,65;1,72;1,77;1,79;1,8
255;1,23;1,25;1,28;1,31;1,34;1,36;1,38;1,4;1,42;1,42;1,41;1,39;1,35;1,32;1,34;1,41;1,5;1,54;1,58;1,62;1,65;1,67;1,67;1,68;1,67;1,61;1,55;1,47;1,42;1,41;1,42;1,43;1,45;1,44;1,46;1,53;1,64;1,71;1,74;1,73;1,69;1,64;1,6;1,57;1,57;1,58;1,61;1,62
256;1,42;1,44;1,44;1,42;1,39;1,36;1,36;1,4;1,42;1,46;1,52;1,58;1,63;1,65;1,68;1,69;1,71;1,7;1,63;1,58;1,54;1,48;1,44;1,42;1,41;1,42;1,46;1,49;1,53;1,56;1,59;1,6;1,61;1,6;1,59;1,59;1,59;1,6;1,62;1,66;1,7;1,73;1,76;1,76;1,74;1,73;1,76;1,8
257;1,42;1,53;1,63;1,7;1,76;1,76;1,73;1,74;1,78;1,76;1,69;1,62;1,55;1,5;1,46;1,44;1,42;1,41;1,5;1,62;1,67;1,68;1,68;1,68;1,67;1,66;1,66;1,67;1,69;1,72;1,73;1,73;1,74;1,73;1,73;1,73;1,72;1,7;1,68;1,68;1,68;1,69;1,7;1,68;1,66;1,65;1,67;1,68
258;1,78;1,83;1,81;1,72;1,63;1,57;1,53;1,5;1,47;1,44;1,43;1,48;1,53;1,58;1,62;1,65;1,66;1,67;1,66;1,67;1,71;1,76;1,8;1,82;1,83;1,82;1,79;1,75;1,72;1,68;1,66;1,7;1,75;1,76;1,77;1,77;1,76;1,74;1,73;1,75;1,76;1,74;1,72;1,72;1,7;1,67;1,66;1,65
259;1,47;1,46;1,46;1,53;1,6;1,64;1,64;1,62;1,67;1,76;1,79;1,78;1,77;1,78;1,81;1,84;1,85;1,85;1,84;1,83;1,8;1,76;1,72;1,7;1,7;1,69;1,7;1,71;1,69;1,65;1,64;1,64;1,64;1,63;1,61;1,59;1,56;1,54;1,54;1,54;1,55;1,57;1,59;1,68;1,83;1,85;1,81;1,81
260;1,67;1,8;1,82;1,81;1,79;1,77;1,78;1,82;1,83;1,83;1,82;1,81;1,81;1,78;1,75;1,74;1,73;1,71;1,69;1,67;1,66;1,65;1,63;1,63;1,64;1,63;1,61;1,58;1,56;1,54;1,55;1,56;1,57;1,57;1,57;1,6;1,72;1,85;1,86;1,79;1,69;1,65;1,76;1,94;1,96;1,89;1,83;1,83
261;1,83;1,86;1,89;1,86;1,81;1,77;1,76;1,75;1,76;1,76;1,75;1,74;1,72;1,7;1,68;1,69;1,72;1,7;1,67;1,64;1,61;1,59;1,58;1,62;1,66;1,68;1,72;1,76;1,78;1,77;1,75;1,73;1,69;1,65;1,62;1,61;1,62;1,65;1,68;1,69;1,7;1,71;1,69;1,69;1,74;1,76;1,74;1,72
262;1,76;1,77;1,77;1,76;1,73;1,71;1,7;1,71;1,72;1,71;1,7;1,72;1,76;1,78;1,78;1,78;1,77;1,77;1,77;1,77;1,77;1,75;1,76;1,78;1,77;1,75;1,74;1,78;1,79;1,75;1,73;1,72;1,7;1,66;1,65;1,73;1,83;1,8;1,77;1,78;1,84;1,85;1,82;1,79;1,74;1,71;1,7;1,68
263;1,72;1,73;1,75;1,75;1,76;1,78;1,77;1,79;1,82;1,8;1,78;1,8;1,81;1,81;1,8;1,78;1,76;1,76;1,81;1,84;1,79;1,71;1,65;1,62;1,65;1,66;1,67;1,65;1,62;1,59;1,57;1,6;1,65;1,67;1,68;1,77;1,84;1,85;1,83;1,79;1,74;1,67;1,6;1,55;1,53;1,54;1,57;1,56
264;1,82;1,79;1,76;1,8;1,84;1,84;1,83;1,81;1,79;1,77;1,81;1,87;1,84;1,75;1,68;1,65;1,69;1,73;1,75;1,82;2,01;2,07;2,09;2,15;2,15;2,12;2,03;1,92;1,87;1,85;1,86;1,84;1,78;1,71;1,66;1,63;1,62;1,61;1,6;1,61;1,63;1,64;1,65;1,63;1,6;1,58;1,6;1,68
265;1,79;1,8;1,85;1,88;1,86;1,79;1,73;1,74;1,74;1,72;1,73;1,77;1,85;1,9;1,95;2,04;2,07;2,04;1,98;1,94;1,9;1,89;1,85;1,81;1,73;1,68;1,65;1,66;1,66;1,64;1,62;1,63;1,63;1,61;1,6;1,6;1,6;1,64;1,67;1,68;1,68;1,68;1,68;1,65;1,6;1,55;1,52;1,48
266;1,74;1,72;1,7;1,65;1,65;1,71;1,76;1,85;1,91;1,95;1,97;1,9;1,82;1,79;1,8;1,8;1,77;1,74;1,69;1,63;1,58;1,54;1,51;1,52;1,54;1,56;1,57;1,56;1,55;1,54;1,57;1,62;1,67;1,71;1,72;1,69;1,63;1,58;1,56;1,55;1,56;1,58;1,58;1,58;1,58;1,57;1,54;1,5
267;1,91;2,01;2,05;2,0;1,94;1,91;1,88;1,85;1,79;1,75;1,74;1,73;1,71;1,67;1,63;1,62;1,62;1,59;1,57;1,55;1,53;1,58;1,62;1,63;1,63;1,64;1,66;1,65;1,62;1,58;1,58;1,57;1,57;1,56;1,55;1,54;1,52;1,47;1,44;1,47;1,5;1,5;1,51;1,53;1,52;1,5;1,51;1,5
268;1,79;1,75;1,74;1,82;1,86;1,78;1,72;1,69;1,68;1,68;1,66;1,62;1,59;1,58;1,67;1,74;1,75;1,72;1,7;1,7;1,69;1,64;1,6;1,59;1,57;1,53;1,5;1,5;1,51;1,5;1,49;1,51;1,54;1,53;1,51;1,52;1,54;1,54;1,58;1,61;1,57;1,54;1,49;1,45;1,42;1,41;1,4;1,45
269;1,68;1,68;1,66;1,62;1,59;1,57;1,61;1,67;1,71;1,74;1,75;1,71;1,66;1,62;1,59;1,6;1,57;1,55;1,54;1,51;1,48;1,47;1,49;1,54;1,56;1,58;1,57;1,57;1,57;1,55;1,58;1,62;1,62;1,6;1,57;1,52;1,46;1,42;1,43;1,47;1,5;1,49;1,49;1,52;1,56;1,59;1,6;1,62
270;1,71;1,74;1,74;1,72;1,69;1,64;1,6;1,58;1,6;1,58;1,57;1,61;1,68;1,71;1,73;1,75;1,74;1,7;1,66;1,62;1,6;1,6;1,59;1,59;1,6;1,59;1,55;1,5;1,44;1,41;1,45;1,51;1,61;1,71;1,77;1,82;1,85;1,88;1,91;1,95;2,04;2,04;2,05;2,24;2,42;2,41;2,33;2,34
271;1,6;1,58;1,56;1,56;1,56;1,57;1,58;1,59;1,59;1,56;1,5;1,46;1,45;1,44;1,43;1,41;1,37;1,36;1,38;1,39;1,37;1,35;1,35;1,36;1,39;1,45;1,5;1,52;1,54;1,56;1,58;1,66;1,78;1,87;1,98;2,14;2,16;2,15;2,15;2,13;2,16;2,12;2,08;2,06;2,11;2,12;2,14;2,26
272;1,59;1,56;1,54;1,57;1,61;1,62;1,61;1,58;1,53;1,48;1,49;1,5;1,5;1,51;1,48;1,45;1,41;1,4;1,43;1,43;1,43;1,47;1,5;1,52;1,58;1,69;1,86;1,95;1,96;1,87;1,81;1,97;2,1;2,07;2,06;2,1;2,15;2,12;2,1;2,15;2,26;2,36;2,37;2,32;2,32;2,27;2,2;2,16
273;1,53;1,46;1,45;1,49;1,53;1,57;1,58;1,59;1,63;1,65;1,67;1,73;1,74;1,71;1,72;1,76;1,79;1,83;1,97;2,09;2,09;2,02;2,0;2,13;2,22;2,31;2,31;2,25;2,26;2,28;2,41;2,43;2,4;2,35;2,3000000000000003;2,25;2,23;2,15;2,08;2,03;2,0;1,97;1,94;1,87;1,82;1,77;1,72;1,65
274;1,63;1,65;1,66;1,68;1,73;1,75;1,79;1,88;1,97;2,06;2,13;2,19;2,21;2,19;2,19;2,22;2,26;2,33;2,4;2,46;2,45;2,45;2,39;2,29;2,31;2,31;2,3000000000000003;2,24;2,15;2,11;2,07;2,07;2,08;2,05;1,99;1,95;1,92;1,87;1,81;1,73;1,6;1,61;1,56;1,68;1,84;1,91;1,9;1,95
275;1,97;2,13;2,22;2,3000000000000003;2,34;2,33;2,24;2,23;2,31;2,36;2,41;2,45;2,45;2,4;2,38;2,4;2,36;2,28;2,19;2,09;2,02;1,99;1,96;1,95;1,95;1,92;1,92;1,97;2,02;2,02;2,01;2,0;1,9;1,8;1,74;1,69;1,72;1,69;1,85;2,23;2,31;2,32;2,38;2,37;2,39;2,36;2,34;2,26
276;2,31;2,41;2,45;2,49;2,47;2,41;2,36;2,33;2,3000000000000003;2,27;2,21;2,15;2,12;2,08;2,02;1,99;1,97;1,92;1,91;1,9;1,9;1,87;1,88;1,92;1,93;1,9;1,86;1,87;1,86;1,82;1,76;1,68;1,75;1,91;1,94;2,08;2,2;2,16;2,11;2,04;1,96;1,93;1,94;1,94;1,88;1,79;1,73;1,73
277;2,3000000000000003;2,3000000000000003;2,26;2,19;2,12;2,03;2,0;2,02;1,99;1,96;1,96;1,93;1,9;1,88;1,89;1,92;1,92;1,88;1,82;1,84;1,83;1,77;1,67;1,81;2,35;2,49;2,42;2,32;2,27;2,27;2,24;2,24;2,2;2,09;2,0;1,92;1,82;1,74;1,68;1,61;1,55;1,5;1,48;1,51;1,54;1,56;1,58;1,58
278;1,99;1,92;1,87;1,8;1,74;1,72;1,75;1,79;1,83;1,77;1,74;1,71;1,72;1,68;2,24;2,75;2,5500000000000003;2,4;2,3000000000000003;2,34;2,38;2,41;2,42;2,41;2,34;2,26;2,23;2,17;2,06;1,96;1,88;1,82;1,79;1,77;1,73;1,7;1,66;1,6;1,55;1,5;1,45;1,4;1,35;1,3;1,27;1,25;1,22;1,18
279;1,83;1,79;1,76;1,78;1,72;1,64;2,06;2,59;2,51;2,33;2,28;2,28;2,3000000000000003;2,31;2,3000000000000003;2,28;2,31;2,32;2,24;2,14;2,05;1,98;1,94;1,91;1,88;1,84;1,8;1,79;1,79;1,76;1,73;1,69;1,65;1,6;1,55;1,5;1,46;1,4;1,33;1,27;1,23;1,21;1,16;1,12;1,1;1,07;1,02;0,97
280;2,51;2,35;2,28;2,27;2,26;2,26;2,26;2,26;2,25;2,21;2,19;2,23;2,21;2,12;2,05;2,01;1,98;1,96;1,93;1,89;1,85;1,81;1,76;1,69;1,62;1,6;1,55;1,48;1,42;1,35;1,3;1,27;1,23;1,19;1,17;1,16;1,15;1,11;1,07;1,05;1,05;1,02;0,99;0,96;0,94;0,91;0,88;0,85
281;2,25;2,22;2,18;2,15;2,09;2,02;1,96;1,94;1,92;1,89;1,86;1,83;1,81;1,77;1,72;1,66;1,59;1,54;1,49;1,44;1,45;1,47;1,41;1,35;1,33;1,32;1,32;1,3;1,29;1,27;1,25;1,21;1,17;1,11;1,04;0,99;0,95;0,92;0,89;0,91;1,11;1,24;1,27;1,3;1,35;1,36;1,36;1,35
282;1,92;1,9;1,86;1,82;1,78;1,75;1,7;1,65;1,61;1,58;1,56;1,5;1,48;1,45;1,4;1,33;1,3;1,26;1,25;1,26;1,26;1,25;1,21;1,15;1,08;1,02;0,97;0,93;0,9;0,88;0,86;0,84;0,87;1,03;1,25;1,4;1,48;1,44;1,42;1,5;1,59;1,56;1,46;1,42;1,43;1,41;1,36;1,31
283;1,61;1,55;1,51;1,48;1,44;1,4;1,34;1,3;1,25;1,21;1,2;1,19;1,18;1,17;1,11;1,06;1,03;1,0;0,97;0,94;0,92;0,89;0,88;0,87;0,89;1,0;1,13;1,24;1,32;1,37;1,39;1,37;1,33;1,29;1,27;1,27;1,25;1,21;1,19;1,2;1,25;1,33;1,44;1,53;1,59;1,65;1,69;1,7
284;1,25;1,2;1,17;1,2;1,21;1,18;1,13;1,09;1,06;1,03;1,0;0,96;0,94;0,92;0,9;0,89;0,89;0,93;1,01;1,13;1,25;1,33;1,33;1,3;1,26;1,22;1,2;1,2;1,21;1,23;1,27;1,36;1,48;1,57;1,64;1,7;1,75;1,78;1,79;1,78;1,73;1,7;1,64;1,58;1,54;1,51;1,48;1,44
285;1,06;1,02;0,99;0,96;0,93;0,91;0,89;0,88;0,88;0,93;1,01;1,09;1,15;1,18;1,2;1,21;1,2;1,18;1,16;1,15;1,16;1,19;1,26;1,38;1,51;1,61;1,65;1,7;1,74;1,77;1,77;1,75;1,72;1,66;1,59;1,53;1,46;1,41;1,41;1,42;1,37;1,31;1,24;1,21;1,21;1,18;1,16;1,12
286;0,88;0,93;1,01;1,09;1,15;1,18;1,2;1,21;1,21;1,19;1,18;1,16;1,17;1,2;1,27;1,38;1,51;1,6;1,65;1,7;1,75;1,77;1,76;1,73;1,7;1,65;1,6;1,55;1,5;1,45;1,42;1,42;1,43;1,4;1,34;1,31;1,27;1,22;1,25;1,3;1,36;1,39;1,37;1,32;1,25;1,19;1,11;1,05
287;1,21;1,19;1,18;1,17;1,18;1,21;1,28;1,39;1,52;1,61;1,66;1,71;1,75;1,77;1,75;1,72;1,68;1,64;1,6;1,56;1,5;1,45;1,4;1,37;1,37;1,36;1,32;1,27;1,26;1,26;1,24;1,25;1,24;1,22;1,18;1,15;1,1;1,06;1,05;1,03;0,99;0,96;0,95;0,95;0,95;0,96;1,01;1,11
288;1,52;1,61;1,66;1,71;1,75;1,76;1,75;1,71;1,68;1,64;1,6;1,57;1,51;1,47;1,46;1,44;1,39;1,32;1,25;1,2;1,16;1,12;1,11;1,11;1,13;1,13;1,12;1,09;1,05;1,01;0,99;0,97;0,96;0,96;0,96;0,95;0,94;0,96;1,0;1,09;1,2;1,28;1,32;1,33;1,3;1,25;1,21;1,18
289;1,68;1,64;1,6;1,56;1,51;1,44;1,39;1,36;1,34;1,29;1,23;1,18;1,14;1,1;1,05;1,0;0,98;1,01;1,06;1,07;1,05;1,02;0,99;0,99;1,03;1,14;1,25;1,29;1,28;1,26;1,26;1,3;1,34;1,35;1,33;1,31;1,31;1,3;1,31;1,32;1,34;1,42;1,47;1,46;1,5;1,57;1,6;1,67
290;1,34;1,28;1,23;1,19;1,15;1,11;1,08;1,04;1,0;1,02;1,07;1,08;1,06;1,02;1,01;1,07;1,12;1,15;1,18;1,19;1,2;1,23;1,29;1,36;1,44;1,48;1,51;1,51;1,45;1,36;1,29;1,26;1,25;1,29;1,37;1,37;1,34;1,44;1,53;1,64;1,74;1,75;1,73;1,69;1,74;1,81;1,79;1,79
291;1,0;1,02;1,07;1,08;1,06;1,06;1,09;1,14;1,21;1,26;1,28;1,28;1,29;1,29;1,34;1,47;1,56;1,59;1,6;1,57;1,51;1,43;1,37;1,33;1,33;1,31;1,34;1,38;1,44;1,5;1,53;1,57;1,64;1,68;1,71;1,73;1,76;1,79;1,77;1,74;1,72;1,78;1,76;1,72;1,74;1,73;1,68;1,64
292;1,21;1,26;1,28;1,29;1,32;1,41;1,52;1,61;1,64;1,62;1,59;1,54;1,48;1,44;1,42;1,43;1,47;1,55;1,57;1,56;1,61;1,66;1,72;1,8;1,86;1,94;2,08;2,2;2,32;2,25;2,1;1,97;1,89;1,8;1,74;1,75;1,7;1,64;1,59;1,57;1,54;1,55;1,6;1,62;1,63;1,63;1,63;1,61
293;1,64;1,63;1,66;1,62;1,58;1,56;1,55;1,55;1,57;1,58;1,56;1,58;1,6;1,62;1,63;1,72;1,78;1,86;1,94;2,0;2,12;2,16;2,05;1,98;1,94;1,9;1,85;1,89;1,84;1,76;1,7;1,68;1,67;1,62;1,56;1,53;1,54;1,53;1,49;1,44;1,41;1,38;1,33;1,28;1,25;1,27;1,33;1,43
294;1,57;1,58;1,62;1,66;1,73;1,73;1,72;1,81;1,85;1,88;1,93;2,01;2,13;2,2;2,1;2,02;1,97;1,97;2,01;1,97;1,95;1,91;1,79;1,68;1,6;1,54;1,53;1,57;1,6;1,6;1,54;1,46;1,39;1,34;1,32;1,32;1,3;1,32;1,36;1,37;1,35;1,34;1,36;1,42;1,49;1,52;1,52;1,49
295;1,85;1,84;1,82;1,83;1,87;1,85;1,79;1,76;1,76;1,72;1,75;1,8;1,83;1,78;1,72;1,72;1,7;1,65;1,61;1,63;1,64;1,59;1,54;1,49;1,45;1,43;1,44;1,45;1,45;1,44;1,42;1,39;1,36;1,31;1,27;1,26;1,26;1,33;1,37;1,4;1,42;1,43;1,43;1,44;1,44;1,45;1,46;1,47
296;1,76;1,71;1,69;1,73;1,82;1,77;1,68;1,6;1,51;1,45;1,42;1,4;1,37;1,37;1,37;1,34;1,33;1,3;1,28;1,26;1,28;1,32;1,32;1,3;1,27;1,24;1,2;1,18;1,28;1,31;1,35;1,39;1,4;1,4;1,36;1,32;1,31;1,3;1,3;1,35;1,39;1,35;1,34;1,37;1,37;1,36;1,35;1,38
297;1,51;1,59;1,62;1,59;1,58;1,51;1,46;1,43;1,38;1,35;1,36;1,42;1,49;1,56;1,56;1,55;1,51;1,43;1,38;1,36;1,38;1,4;1,43;1,47;1,48;1,47;1,44;1,42;1,4;1,39;1,42;1,45;1,49;1,48;1,43;1,41;1,42;1,43;1,48;1,49;1,5;1,55;1,62;1,71;1,84;1,94;1,91;1,88
298;1,38;1,34;1,34;1,39;1,42;1,44;1,44;1,42;1,39;1,34;1,31;1,3;1,32;1,35;1,38;1,42;1,43;1,4;1,35;1,33;1,35;1,41;1,43;1,44;1,45;1,5;1,49;1,48;1,51;1,55;1,6;1,67;1,73;1,77;1,85;1,95;2,05;2,05;2,02;2,02;1,98;1,99;2,03;2,04;2,04;2,0;1,92;1,83
299;1,39;1,32;1,28;1,28;1,31;1,36;1,41;1,44;1,48;1,44;1,41;1,39;1,38;1,37;1,36;1,37;1,42;1,43;1,44;1,46;1,49;1,49;1,49;1,54;1,6;1,66;1,7;1,75;1,85;1,89;1,92;1,98;1,97;1,92;1,9;1,89;1,93;1,92;1,86;1,79;1,72;1,63;1,55;1,49;1,43;1,38;1,32;1,25
300;1,48;1,42;1,38;1,35;1,34;1,35;1,36;1,4;1,43;1,43;1,43;1,4;1,42;1,44;1,41;1,44;1,57;1,66;1,68;1,69;1,73;1,78;1,83;1,91;1,92;1,91;1,92;1,89;1,88;1,86;1,81;1,75;1,67;1,57;1,49;1,43;1,36;1,27;1,2;1,14;1,08;1,04;1,01;0,98;0,94;0,92;0,97;1,11
301;1,43;1,43;1,41;1,4;1,4;1,41;1,41;1,45;1,55;1,6;1,62;1,62;1,67;1,71;1,76;1,91;1,95;1,94;1,93;1,93;1,91;1,87;1,78;1,7;1,61;1,53;1,47;1,41;1,34;1,27;1,21;1,21;1,2;1,16;1,14;1,13;1,11;1,13;1,23;1,37;1,45;1,44;1,39;1,33;1,28;1,26;1,27;1,33
