;time;spread;mean;deterministic;membro_1;membro_2;membro_3;membro_4;membro_5;membro_6;membro_7;membro_8;membro_9;membro_10;membro_11;membro_12;membro_13;membro_14;membro_15;membro_16;membro_17;membro_18;membro_19;membro_20;membro_21;membro_22;membro_23;membro_24;membro_25;membro_26;membro_27;membro_28;membro_29;membro_30
0;2021-11-04 00:00:00;0,05;2,14;2,06;2,15;;2,15;2,0999999809265137;2,089999990463257;2,1;2,11;2,11;2,24;2,1699999809265136;2,14;2,1;2,199999990463257;2,15;2,15;2,14;2,16;2,04;2,1699999809265136;2,17;2,06;2,16;2,2099999809265136;2,09;2,13;2,21;2,1;2,07;2,23;2,1499999809265136
1;2021-11-04 03:00:00;0,05;2,089999990463257;2,02;2,07;;2,1;2,06;2,06;2,07;2,09;2,08;2,199999980926514;2,11;2,0799999904632567;2,04;2,16;2,09;2,109999990463257;2,089999990463257;2,12;1,9999999904632568;2,12;2,0699999809265135;1,98;2,09;2,18;2,039999990463257;2,09;2,15;2,0799999904632567;2,04;2,19;2,07
2;2021-11-04 06:00:00;0,05;2,029999990463257;1,97;2,0;;2,02;2,0300000000000002;2,0100000000000002;2,009999990463257;2,04;2,02;2,149999990463257;2,06;2,0;1,9799999904632568;2,06;2,009999990463257;2,05;2,05;2,06;1,95;2,04;1,9999999904632568;1,92;2,04;2,11;1,98;2,0599999952316286;2,089999990463257;2,02;1,9999999904632568;2,09;2,02
3;2021-11-04 09:00:00;0,04;1,97;1,9100000000000001;1,93;;1,95;1,98;1,96;1,95;1,98;1,95;2,08;2,0;1,9199999952316285;1,9399999904632568;1,96;1,94;2,0;2,0100000000000002;1,98;1,9099999952316284;1,95;1,9499999904632568;1,87;1,99;2,04;1,93;2,0100000000000002;2,0099999952316283;1,9699999904632568;1,9299999952316285;2,0100000000000002;1,9799999904632568
4;2021-11-04 12:00:00;0,04;1,92;1,85;1,8800000000000001;;1,9199999809265138;1,93;1,9000000000000001;1,8900000000000001;1,92;1,9000000000000001;2,009999990463257;1,9399999952316285;1,849999990463257;1,9199999809265138;1,8800000000000001;1,8799999809265138;1,97;1,96;1,9100000000000001;1,86;1,8799999809265138;1,929999990463257;1,83;1,95;2,0;1,9100000000000001;1,96;1,929999990463257;1,94;1,879999990463257;1,96;1,94
5;2021-11-04 15:00:00;0,04;1,879999990463257;1,81;1,85;;1,9000000000000001;1,869999990463257;1,84;1,8599999952316284;1,87;1,87;1,95;1,9000000000000001;1,8;1,8800000000000001;1,85;1,84;1,93;1,8900000000000001;1,8800000000000001;1,82;1,819999990463257;1,9000000000000001;1,8;1,93;1,96;1,86;1,9000000000000001;1,8800000000000001;1,8900000000000001;1,86;1,92;1,889999990463257
6;2021-11-04 18:00:00;0,05;1,85;1,7899999952316286;1,8399999952316284;;1,87;1,81;1,79;1,8399999952316284;1,849999990463257;1,8499999952316284;1,9000000000000001;1,87;1,7799999952316286;1,83;1,83;1,82;1,8800000000000001;1,84;1,8799999952316284;1,8099999952316284;1,78;1,86;1,76;1,9099999952316284;1,92;1,82;1,86;1,84;1,8699999952316284;1,8299999952316284;1,8900000000000001;1,8999999952316284
7;2021-11-04 21:00:00;0,05;1,84;1,8;1,86;;1,82;1,7599999904632568;1,76;1,8;1,87;1,86;1,9399999809265138;1,8599999809265138;1,82;1,82;1,7999999952316283;1,8;1,8800000000000001;1,82;1,87;1,86;1,81;1,82;1,7599999952316285;1,9199999952316285;1,8800000000000001;1,85;1,83;1,82;1,86;1,7799999952316286;1,849999990463257;1,93
8;2021-11-05 00:00:00;0,06;1,83;1,8199999809265137;1,8800000000000001;;1,7799999904632569;1,7199999904632568;1,73;1,79;1,93;1,86;1,92;1,8199999809265137;1,82;1,86;1,78;1,7799999809265137;1,8799999809265138;1,81;1,83;1,8900000000000001;1,85;1,81;1,74;1,919999990463257;1,8900000000000001;1,8599999809265138;1,81;1,79;1,8299999809265137;1,7199999904632568;1,82;1,96
9;2021-11-05 03:00:00;0,06;1,7999999809265137;1,7799999809265137;1,82;1,87;1,74;1,6899999904632568;1,68;1,75;1,86;1,8399999809265137;1,8599999809265138;1,7499999809265137;1,7899999809265137;1,83;1,78;1,7499999904632568;1,83;1,78;1,8;1,8399999809265137;1,84;1,78;1,72;1,87;1,8900000000000001;1,82;1,7799999809265137;1,76;1,76;1,68;1,8;1,9100000000000001
10;2021-11-05 06:00:00;0,06;1,76;1,7099999809265136;1,75;1,8800000000000001;1,7;1,69;1,6699999952316285;1,69;1,79;1,82;1,8;1,74;1,74;1,78;1,77;1,7199999904632568;1,7799999809265137;1,73;1,79;1,79;1,79;1,76;1,68;1,79;1,85;1,78;1,7799999809265137;1,72;1,69;1,6400000000000001;1,7799999809265137;1,84
11;2021-11-05 09:00:00;0,06;1,73;1,6699999809265138;1,71;1,87;1,6600000000000001;1,68;1,6600000000000001;1,6300000000000001;1,75;1,79;1,76;1,8;1,71;1,7599999809265137;1,74;1,6999999904632568;1,73;1,71;1,79;1,74;1,72;1,7599999809265137;1,6400000000000001;1,7399999904632568;1,8;1,7299999904632568;1,79;1,68;1,6600000000000001;1,6;1,76;1,78
12;2021-11-05 12:00:00;0,06;1,7;1,639999990463257;1,67;1,84;1,6400000000000001;1,6500000000000001;1,62;1,58;1,77;1,74;1,72;1,77;1,6500000000000001;1,73;1,72;1,7099999952316285;1,68;1,69;1,7699999809265137;1,72;1,6600000000000001;1,74;1,61;1,7;1,79;1,69;1,78;1,6600000000000001;1,68;1,55;1,73;1,7499999904632568
13;2021-11-05 15:00:00;0,07;1,67;1,62;1,6299999952316284;1,82;1,62;1,6500000000000001;1,57;1,54;1,7799999952316286;1,6699999952316285;1,71;1,7;1,58;1,69;1,71;1,7099999952316285;1,6299999952316284;1,6600000000000001;1,74;1,73;1,6500000000000001;1,68;1,59;1,6600000000000001;1,7499999952316285;1,6599999952316284;1,78;1,6300000000000001;1,6799999952316285;1,53;1,69;1,74
14;2021-11-05 18:00:00;0,08;1,6500000000000001;1,6;1,61;1,79;1,58;1,62;1,53;1,4799999904632568;1,76;1,59;1,71;1,69;1,55;1,6600000000000001;1,69;1,67;1,61;1,6300000000000001;1,73;1,7899999809265137;1,6499999952316284;1,6299999809265138;1,5999999952316284;1,6199999952316284;1,74;1,619999990463257;1,81;1,57;1,6400000000000001;1,52;1,69;1,75
15;2021-11-05 21:00:00;0,1;1,6500000000000001;1,59;1,62;1,7399999809265136;1,56;1,61;1,53;1,45;1,7099999952316285;1,6300000000000001;1,72;1,7;1,56;1,6500000000000001;1,67;1,6600000000000001;1,58;1,61;1,72;1,9100000000000001;1,67;1,6099999809265138;1,6;1,6300000000000001;1,7399999809265136;1,6;1,93;1,53;1,62;1,49;1,72;1,75
16;2021-11-06 00:00:00;0,12;1,6499999809265138;1,56;1,6199999809265138;1,7099999809265136;1,53;1,6;1,5299999904632569;1,46;1,6600000000000001;1,71;1,71;1,69;1,5499999952316283;1,62;1,6500000000000001;1,6799999809265138;1,54;1,59;1,6899999809265136;2,02;1,7299999809265136;1,6;1,6;1,6500000000000001;1,6999999809265136;1,58;1,96;1,57;1,59;1,48;1,7999999809265137;1,71
17;2021-11-06 03:00:00;0,11;1,62;1,5299999904632569;1,57;1,67;1,51;1,58;1,5;1,47;1,599999990463257;1,73;1,68;1,68;1,5;1,589999990463257;1,6;1,6500000000000001;1,52;1,5599999618530274;1,629999990463257;1,95;1,75;1,59;1,569999990463257;1,6199999809265138;1,6500000000000001;1,54;1,8900000000000001;1,6;1,54;1,5;1,8099999904632569;1,6699999809265138
18;2021-11-06 06:00:00;0,1;1,58;1,5099999952316285;1,51;1,61;1,4899999904632568;1,54;1,48;1,46;1,55;1,71;1,629999990463257;1,6600000000000001;1,46;1,55;1,54;1,59;1,51;1,54;1,579999990463257;1,83;1,72;1,55;1,53;1,57;1,62;1,49;1,78;1,57;1,5;1,52;1,77;1,6500000000000001
19;2021-11-06 09:00:00;0,08;1,5299999809265137;1,4799999904632568;1,45;1,54;1,48;1,49;1,47;1,43;1,4999999809265137;1,6699999618530275;1,57;1,6199999809265138;1,3999999809265138;1,5;1,4699999904632568;1,53;1,49;1,52;1,53;1,7199999904632568;1,6499999952316284;1,5;1,5;1,51;1,61;1,43;1,69;1,51;1,47;1,52;1,73;1,6
20;2021-11-06 12:00:00;0,08;1,4799999809265136;1,46;1,3900000000000001;1,48;1,44;1,44;1,43;1,41;1,4599999809265136;1,6;1,52;1,5599999809265137;1,3299999618530274;1,45;1,42;1,46;1,45;1,5;1,4799999952316285;1,6300000000000001;1,59;1,45;1,4899999952316285;1,46;1,56;1,3800000000000001;1,6400000000000001;1,44;1,4299999904632568;1,4699999809265136;1,68;1,52
21;2021-11-06 15:00:00;0,08;1,4399999809265136;1,4299999618530275;1,3599999618530274;1,4299999618530275;1,4000000000000001;1,41;1,3900000000000001;1,4000000000000001;1,43;1,54;1,5099999618530273;1,51;1,27;1,43;1,37;1,3899999809265138;1,3899999952316284;1,49;1,46;1,57;1,55;1,42;1,48;1,3900000000000001;1,51;1,34;1,6;1,3800000000000001;1,3900000000000001;1,41;1,6299999809265138;1,4799999952316285
22;2021-11-06 18:00:00;0,08;1,43;1,43;1,3800000000000001;1,3800000000000001;1,41;1,42;1,34;1,42;1,45;1,4799999809265136;1,53;1,48;1,22;1,4199999618530275;1,33;1,3399999809265137;1,33;1,49;1,51;1,52;1,51;1,45;1,52;1,3799999618530274;1,47;1,31;1,59;1,3399999809265137;1,37;1,4000000000000001;1,6;1,46
23;2021-11-06 21:00:00;0,08999999523162842;1,4099999809265138;1,43;1,36;1,3499999809265137;1,43;1,45;1,3099999809265137;1,42;1,47;1,42;1,49;1,49;1,18;1,3900000000000001;1,32;1,3;1,3;1,4899999809265136;1,54;1,47;1,46;1,5;1,5399999618530273;1,36;1,47;1,2699999809265137;1,54;1,3099999809265137;1,35;1,44;1,61;1,3800000000000001
24;2021-11-07 00:00:00;0,09;1,3799999809265138;1,37;1,32;1,33;1,37;1,42;1,2899999809265137;1,36;1,5;1,3800000000000001;1,4199999809265138;1,4699999809265136;1,1400000000000001;1,35;1,31;1,27;1,2699999809265137;1,4399999809265136;1,5099999904632568;1,42;1,41;1,4499999809265136;1,5;1,32;1,46;1,23;1,46;1,28;1,3399999809265137;1,41;1,5799999618530274;1,319999990463257
25;2021-11-07 03:00:00;0,09;1,33;1,2999999809265137;1,27;1,3;1,3;1,37;1,28;1,29;1,49;1,3499999809265137;1,36;1,45;1,11;1,3;1,26;1,2499999809265137;1,24;1,3899999809265138;1,49;1,4000000000000001;1,34;1,3900000000000001;1,42;1,27;1,4000000000000001;1,1899999809265136;1,3899999809265138;1,26;1,28;1,33;1,51;1,29
26;2021-11-07 06:00:00;0,09;1,2999999809265137;1,2399999809265136;1,2399999809265136;1,28;1,2599999809265137;1,31;1,27;1,2499999904632568;1,49;1,33;1,3199999809265137;1,47;1,1;1,25;1,21;1,25;1,2199999809265136;1,34;1,47;1,409999990463257;1,29;1,34;1,34;1,25;1,34;1,16;1,3299999809265137;1,27;1,25;1,28;1,44;1,29
27;2021-11-07 09:00:00;0,09;1,29;1,2099999809265136;1,24;1,28;1,23;1,27;1,28;1,22;1,49;1,32;1,34;1,49;1,11;1,22;1,2;1,2599999809265137;1,2199999809265136;1,31;1,42;1,4699999904632568;1,26;1,3;1,2799999809265137;1,2199999809265136;1,29;1,16;1,28;1,3;1,24;1,26;1,3800000000000001;1,3299999809265137
28;2021-11-07 12:00:00;0,09;1,2999999809265137;1,1999999809265136;1,29;1,2799999904632569;1,23;1,22;1,33;1,24;1,4799999618530273;1,32;1,3799999952316284;1,51;1,2499999904632568;1,21;1,24;1,2599999904632568;1,2299999904632568;1,34;1,37;1,52;1,27;1,29;1,27;1,21;1,2599999809265137;1,23;1,24;1,33;1,23;1,26;1,35;1,4699999809265136
29;2021-11-07 15:00:00;0,14;1,3699999809265138;1,22;1,4000000000000001;1,2899999904632569;1,23;1,18;1,47;1,4699999904632568;1,47;1,33;1,53;1,53;1,6299999809265138;1,2;1,35;1,27;1,26;1,56;1,329999990463257;1,61;1,42;1,28;1,27;1,25;1,24;1,46;1,2;1,37;1,33;1,25;1,34;1,6500000000000001
30;2021-11-07 18:00:00;0,25;1,5;1,36;1,6;1,3;1,24;1,19;1,59;1,8900000000000001;1,4599999618530273;1,4000000000000001;1,78;1,5499999809265137;2,0;1,26;1,53;1,43;1,2599999904632568;1,96;1,31;1,81;1,81;1,3;1,25;1,41;1,26;1,86;1,1799999904632568;1,44;1,6399999809265138;1,22;1,37;1,85
31;2021-11-07 21:00:00;0,41000000000000003;1,7399999809265136;1,6999999809265136;2,02;1,34;1,28;1,79;1,79;2,449999980926514;1,44;1,57;2,25;1,55;2,43;1,53;1,7499999809265137;1,7799999809265137;1,25;2,57;1,34;2,2;2,29;1,36;1,23;1,629999990463257;1,34;2,22;1,1799999809265136;1,58;2,0699999809265135;1,22;1,6300000000000001;2,0599999809265137
32;2021-11-08 00:00:00;0,56;2,029999980926514;2,13;2,71;1,4999999904632568;1,5;2,6499999809265136;2,1;3,0399999809265137;1,47;1,78;2,75;1,5399999809265137;2,73;1,9699999809265136;2,019999990463257;2,09;1,2999999904632569;3,11;1,4699999904632568;2,57;2,85;1,47;1,28;1,8800000000000001;1,56;2,389999980926514;1,28;1,75;2,59;1,27;2,0300000000000002;2,24
33;2021-11-08 03:00:00;0,6399999952316284;2,34;2,569999980926514;3,23;1,81;2,279999980926514;3,3200000000000003;2,43;3,4599999809265136;1,56;1,9499999904632568;2,98;1,56;2,88;2,5;2,35;2,42;1,48;3,38;1,6300000000000001;2,75;3,19;1,62;1,609999990463257;2,0699999952316284;1,93;2,49;1,47;1,9000000000000001;3,1099999809265135;1,3900000000000001;2,91;2,3000000000000003
34;2021-11-08 06:00:00;0,61;2,5500000000000003;2,94;3,34;2,04;3,27;3,5;2,74;3,4599999809265136;1,8;2,04;2,87;1,68;2,899999990463257;2,91;2,62;2,64;1,79;3,35;1,75;2,77;3,3000000000000003;1,9499999809265136;2,13;2,21;2,27;2,539999990463257;1,77;1,97;3,21;1,58;3,489999980926514;2,35
35;2021-11-08 09:00:00;0,5299999952316284;2,65;3,09;3,2600000000000002;2,14;3,759999980926514;3,31;2,939999990463257;3,319999980926514;2,18;2,04;2,65;1,86;2,8299999904632567;3,009999990463257;2,74;2,689999990463257;2,08;3,15;1,8;2,75;3,27;2,5100000000000002;2,68;2,2899999809265137;2,44;2,549999990463257;2,04;1,98;3,0300000000000002;1,99;3,5100000000000002;2,34
36;2021-11-08 12:00:00;0,4299999952316284;2,63;2,969999990463257;3,059999990463257;2,1799999904632568;3,67;3,06;2,989999990463257;3,15;2,45;2,0100000000000002;2,469999990463257;2,029999980926514;2,729999990463257;2,87;2,71;2,649999990463257;2,2;2,93;1,78;2,69;3,04;2,85;2,95;2,32;2,45;2,47;2,17;1,94;2,819999980926514;2,49;3,2800000000000002;2,3000000000000003
37;2021-11-08 15:00:00;0,37;2,54;2,789999990463257;2,8499999952316286;2,2;3,42;2,87;2,91;2,96;2,6;1,9599999904632568;2,299999980926514;2,14;2,58;2,66;2,59;2,5399999952316286;2,17;2,7;1,75;2,63;2,82;2,91;2,92;2,2800000000000002;2,36;2,35;2,18;1,87;2,62;2,7;3,0100000000000002;2,24
38;2021-11-08 18:00:00;0,32;2,42;2,59;2,6399999904632567;2,2;3,19;2,68;2,749999990463257;2,77;2,63;1,9000000000000001;2,15;2,219999980926514;2,43;2,4399999952316285;2,41;2,39;2,08;2,479999990463257;1,69;2,6;2,6;2,8399999952316284;2,7600000000000002;2,2099999809265136;2,23;2,199999990463257;2,12;1,81;2,43;2,58;2,7499999952316285;2,17
39;2021-11-08 21:00:00;0,29;2,3000000000000003;2,41;2,43;2,17;3,0;2,5;2,59;2,5799999809265137;2,529999980926514;1,82;2,08;2,35;2,29;2,2600000000000002;2,2600000000000002;2,309999990463257;2,0;2,29;1,6600000000000001;2,57;2,409999980926514;2,75;2,58;2,11;2,1;2,05;2,049999990463257;1,74;2,2600000000000002;2,38;2,5500000000000003;2,1
40;2021-11-09 00:00:00;0,27;2,19;2,29;2,279999990463257;2,11;2,92;2,37;2,48;2,42;2,43;1,75;2,1;2,4199999809265136;2,17;2,14;2,12;2,18;1,9100000000000001;2,12;1,669999990463257;2,48;2,23;2,66;2,41;2,009999990463257;2,0;1,92;1,9899999904632568;1,6999999809265136;2,1199999809265138;2,219999980926514;2,37;2,02
41;2021-11-09 03:00:00;0,26;2,109999990463257;2,23;2,2;2,0399999809265137;2,87;2,2499999809265137;2,43;2,29;2,37;1,6899999809265136;2,189999990463257;2,37;2,06;2,1;2,0;2,02;1,849999990463257;1,99;1,7;2,35;2,09;2,6099999809265135;2,27;1,9000000000000001;1,8900000000000001;1,8;1,95;1,69;2,0100000000000002;2,139999980926514;2,24;1,94
42;2021-11-09 06:00:00;0,2599999952316284;2,05;2,23;2,22;1,97;2,7699999809265137;2,13;2,37;2,16;2,29;1,6799999904632568;2,309999990463257;2,32;1,9599999809265136;2,15;1,93;1,9000000000000001;1,8;1,8800000000000001;1,72;2,21;1,97;2,529999980926514;2,18;1,79;1,78;1,7;1,9000000000000001;1,6599999952316284;1,97;2,08;2,1399999952316286;1,86
43;2021-11-09 09:00:00;0,2499999952316284;2,0100000000000002;2,2600000000000002;2,29;1,9100000000000001;2,6499999809265136;2,0300000000000002;2,3000000000000003;2,07;2,21;1,7;2,38;2,2800000000000002;1,9000000000000001;2,21;1,97;1,79;1,7699999904632568;1,83;1,73;2,09;1,8900000000000001;2,4099999904632567;2,14;1,72;1,73;1,6300000000000001;1,86;1,62;2,0300000000000002;1,99;2,05;1,8
44;2021-11-09 12:00:00;0,2499999952316284;1,9899999904632568;2,31;2,299999980926514;1,859999990463257;2,54;1,97;2,2800000000000002;2,02;2,15;1,7;2,38;2,25;1,9000000000000001;2,199999980926514;2,05;1,7;1,78;1,86;1,74;1,99;1,8699999809265138;2,3199999952316284;2,12;1,68;1,75;1,62;1,84;1,59;2,159999980926514;1,92;2,0100000000000002;1,77
45;2021-11-09 15:00:00;0,23;1,98;2,3000000000000003;2,25;1,849999990463257;2,43;1,9100000000000001;2,27;1,9899999809265136;2,1299999809265135;1,67;2,32;2,219999980926514;1,9299999809265138;2,1299999809265135;2,06;1,62;1,83;1,9699999904632568;1,7399999904632568;1,95;1,8999999809265138;2,25;2,1299999809265135;1,71;1,78;1,67;1,9100000000000001;1,57;2,25;1,8999999809265138;1,96;1,76
46;2021-11-09 18:00:00;0,19999999523162842;1,96;2,219999980926514;2,16;1,87;2,33;1,87;2,24;1,9599999809265136;2,12;1,68;2,23;2,15;2,0300000000000002;2,02;2,0199999809265137;1,57;1,8999999809265138;2,0999999809265137;1,73;1,93;1,9100000000000001;2,1899999809265136;2,0899999809265135;1,79;1,76;1,71;1,8999999809265138;1,579999990463257;2,23;1,9000000000000001;1,87;1,79
47;2021-11-09 21:00:00;0,18999999523162842;1,94;2,1199999809265138;2,07;1,83;2,25;1,86;2,2;1,9599999809265136;2,12;1,71;2,1699999809265136;2,11;2,19;1,94;1,95;1,51;1,93;2,199999980926514;1,72;1,9100000000000001;1,8800000000000001;2,16;2,05;1,85;1,74;1,7;1,8099999809265137;1,58;2,17;1,9000000000000001;1,7999999809265137;1,8899999809265138
48;2021-11-10 00:00:00;0,18;1,9199999809265138;2,0100000000000002;1,99;1,7799999809265137;2,17;1,8399999809265137;2,11;1,95;2,15;1,7499999904632568;2,1;2,06;2,24;1,86;1,8800000000000001;1,44;1,93;2,16;1,7099999904632568;1,9100000000000001;1,84;2,11;1,99;1,87;1,71;1,6600000000000001;1,9100000000000001;1,59;2,1199999809265138;1,9100000000000001;1,8;1,92
49;2021-11-10 03:00:00;0,17;1,87;1,8900000000000001;1,889999990463257;1,72;2,08;1,82;2,02;1,9000000000000001;2,1;1,78;2,0100000000000002;2,02;2,18;1,7699999904632568;1,81;1,3900000000000001;1,8800000000000001;2,07;1,69;1,94;1,79;2,0300000000000002;1,9000000000000001;1,85;1,659999990463257;1,62;1,96;1,6;2,0100000000000002;1,92;1,8;1,8900000000000001
50;2021-11-10 06:00:00;0,15;1,81;1,79;1,79;1,6500000000000001;1,97;1,7999999809265137;1,95;1,8299999809265137;2,0199999809265137;1,78;1,9099999809265138;2,0;2,07;1,67;1,74;1,35;1,849999990463257;1,9599999809265136;1,67;1,96;1,75;1,9299999809265138;1,81;1,82;1,61;1,5899999809265137;1,9100000000000001;1,61;1,9000000000000001;1,9000000000000001;1,79;1,84
51;2021-11-10 09:00:00;0,14;1,76;1,7;1,71;1,6300000000000001;1,8900000000000001;1,73;1,8900000000000001;1,78;1,95;1,75;1,82;1,97;2,0100000000000002;1,59;1,6600000000000001;1,33;1,82;1,8499999809265137;1,6399999952316284;1,97;1,7;1,83;1,75;1,79;1,57;1,5699999809265137;1,859999990463257;1,62;1,8;1,86;1,76;1,78
52;2021-11-10 12:00:00;0,14;1,72;1,6199999809265138;1,6400000000000001;1,68;1,85;1,67;1,82;1,8;1,8899999809265138;1,72;1,73;1,94;1,98;1,54;1,59;1,32;1,78;1,7499999809265137;1,59;1,95;1,6500000000000001;1,75;1,71;1,76;1,53;1,57;1,82;1,6500000000000001;1,7099999809265136;1,7899999809265137;1,73;1,73
53;2021-11-10 15:00:00;0,14;1,7;1,5499999809265137;1,6199999809265138;1,72;1,84;1,6799999809265138;1,8900000000000001;1,7699999809265137;1,82;1,69;1,6400000000000001;1,93;2,02;1,56;1,55;1,3099999904632569;1,7599999952316285;1,67;1,5499999904632569;1,92;1,62;1,69;1,6599999809265138;1,7399999809265136;1,5199999809265137;1,5699999809265137;1,78;1,71;1,6500000000000001;1,74;1,67;1,7399999809265136
54;2021-11-10 18:00:00;0,1499999952316284;1,69;1,51;1,61;1,75;1,8499999618530274;1,68;1,83;1,75;1,77;1,74;1,57;1,9000000000000001;2,12;1,6500000000000001;1,54;1,31;1,74;1,6300000000000001;1,5199999809265137;1,8899999809265138;1,61;1,6600000000000001;1,61;1,75;1,56;1,58;1,8;1,75;1,58;1,77;1,59;1,71
55;2021-11-10 21:00:00;0,15999999523162842;1,68;1,46;1,6199999618530274;1,79;1,86;1,61;1,7;1,7299999618530273;1,76;1,76;1,51;1,84;2,2;1,73;1,55;1,32;1,74;1,6099999809265138;1,49;1,85;1,6300000000000001;1,6600000000000001;1,57;1,73;1,68;1,61;1,8;1,74;1,52;1,7699999618530273;1,55;1,6300000000000001
56;2021-11-11 00:00:00;0,16;1,6600000000000001;1,41;1,6600000000000001;1,76;1,8900000000000001;1,51;1,6;1,6600000000000001;1,79;1,82;1,47;1,78;2,14;1,78;1,54;1,33;1,73;1,61;1,47;1,7799999809265137;1,71;1,62;1,51;1,69;1,68;1,6;1,7299999809265136;1,76;1,51;1,81;1,52;1,5499999618530274
57;2021-11-11 03:00:00;0,19;1,6400000000000001;1,35;1,67;1,74;1,8900000000000001;1,42;1,51;1,56;1,8499999809265137;1,8399999809265137;1,43;1,67;2,029999980926514;2,08;1,51;1,31;1,69;1,6;1,44;1,72;1,73;1,55;1,44;1,6400000000000001;1,61;1,56;1,67;1,8;1,56;1,9000000000000001;1,52;1,51
58;2021-11-11 06:00:00;0,2;1,6;1,29;1,6;1,76;1,87;1,32;1,41;1,46;1,8900000000000001;1,8;1,41;1,6;1,95;2,14;1,5;1,3099999809265137;1,6300000000000001;1,56;1,3900000000000001;1,6499999809265138;1,7;1,4899999618530273;1,3699999809265138;1,58;1,53;1,52;1,6299999809265138;1,8;1,5099999618530273;1,8599999618530274;1,4999999618530273;1,5
59;2021-11-11 09:00:00;0,24;1,58;1,24;1,5199999618530273;1,73;1,85;1,25;1,33;1,4000000000000001;1,8999999809265138;1,7599999809265137;1,3999999809265138;1,68;2,24;2,1899999809265136;1,52;1,3399999809265137;1,5599999809265137;1,56;1,36;1,58;1,72;1,58;1,3299999809265137;1,52;1,48;1,49;1,59;1,76;1,48;1,81;1,49;1,47
60;2021-11-11 12:00:00;0,28;1,6;1,21;1,4599999618530273;1,67;1,9100000000000001;1,19;1,25;1,41;1,9100000000000001;1,73;1,3800000000000001;1,74;2,48;2,32;1,62;1,35;1,5;1,69;1,33;1,5;1,6500000000000001;1,78;1,29;1,49;1,48;1,47;1,67;1,72;1,55;1,7999999618530274;1,58;1,4199999809265138
61;2021-11-11 15:00:00;0,34;1,6400000000000001;1,19;1,5099999618530273;1,59;2,07;1,16;1,21;1,42;1,9100000000000001;1,72;1,3800000000000001;1,7;2,41;2,47;1,6799999618530275;1,3699999809265138;1,46;2,1;1,31;1,42;1,6;2,31;1,25;1,45;1,6;1,44;1,83;1,83;1,7199999618530273;1,84;1,6499999237060547;1,37
62;2021-11-11 18:00:00;0,47000000000000003;1,75;1,22;1,6500000000000001;1,55;2,32;1,1899999618530275;1,2099999809265136;1,3800000000000001;2,0100000000000002;1,75;1,41;1,7;2,31;2,88;1,84;1,3999999809265138;1,43;2,7;1,36;1,36;1,71;2,82;1,2;1,41;1,82;1,43;1,9699999809265136;2,2;1,93;1,92;1,8;1,3900000000000001
63;2021-11-11 21:00:00;0,53;1,8599999618530274;1,27;1,87;1,56;2,61;1,24;1,17;1,4000000000000001;2,0999999618530274;1,82;1,42;1,83;2,2499999618530273;3,11;1,9799999618530273;1,59;1,4000000000000001;3,19;1,61;1,41;1,8900000000000001;2,74;1,1500000000000001;1,3999999618530274;1,84;1,46;2,11;2,33;2,2800000000000002;2,11;2,04;1,47
64;2021-11-12 00:00:00;0,5700000000000001;1,9499999618530275;1,31;2,2;1,61;2,98;1,2799999618530273;1,1300000000000001;1,55;2,11;1,86;1,4499999618530273;1,97;2,32;3,129999961853027;2,25;1,72;1,3800000000000001;3,2;1,79;1,3999999618530274;1,99;2,7800000000000002;1,11;1,37;1,8900000000000001;1,46;2,2099999809265136;2,37;2,54;2,29;2,32;1,52
65;2021-11-12 03:00:00;0,62;2,0300000000000002;1,43;2,38;1,71;3,27;1,2599999618530273;1,08;1,51;1,95;1,87;1,47;2,02;2,37;3,13;2,359999961853027;1,78;1,3699999809265138;2,98;1,77;1,5099999618530273;2,1;2,88;1,06;1,32;2,34;1,5;2,2600000000000002;2,4;2,8699999618530274;2,68;2,64;1,6099999618530274
66;2021-11-12 06:00:00;0,64;2,08;1,54;2,49;1,78;3,21;1,2399999618530273;1,04;1,45;1,9499999809265136;1,8900000000000001;1,46;2,08;2,33;3,13;2,37;1,85;1,3899999809265138;2,68;1,73;1,81;2,16;2,86;1,0;1,28;2,5;1,6600000000000001;2,2699999809265137;2,43;3,3000000000000003;2,9199999809265136;2,93;1,71
67;2021-11-12 09:00:00;0,63;2,11;1,7;2,5300000000000002;1,8499999618530274;3,0700000000000003;1,26;1,01;1,4299999809265136;1,8999999809265138;1,92;1,4899999618530273;2,11;2,42;3,12;2,35;1,98;1,49;2,46;1,86;1,93;2,13;2,77;1,01;1,24;2,41;1,8099999809265137;2,25;2,38;3,54;2,87;3,17;1,82
68;2021-11-12 12:00:00;0,62;2,2;1,8800000000000001;2,5100000000000002;1,8900000000000001;3,139999980926514;1,31;0,99;1,8;1,9799999809265136;1,97;1,62;2,13;2,42;3,09;2,56;2,33;1,6600000000000001;2,43;2,24;1,9899999618530273;2,12;2,71;1,25;1,2;2,31;1,8900000000000001;2,22;2,34;3,6699999618530272;3,11;3,2800000000000002;2,02
69;2021-11-12 15:00:00;0,61;2,27;2,0300000000000002;2,47;1,9000000000000001;3,0700000000000003;1,3800000000000001;0,99;1,9100000000000001;1,99;2,15;1,78;2,17;2,32;3,04;2,63;2,88;1,7699999809265137;2,39;2,64;2,0100000000000002;2,15;2,66;1,5;1,1799999618530275;2,18;1,94;2,19;2,4;3,69;3,2800000000000002;3,2800000000000002;2,39
70;2021-11-12 18:00:00;0,63;2,34;2,12;2,57;1,8999999618530274;3,09;1,44;1,04;2,0;2,1;2,37;1,85;2,27;2,22;2,9199999618530272;2,57;3,0500000000000003;1,7799999809265137;2,32;2,83;1,9799999618530273;2,31;2,66;1,57;1,1400000000000001;2,49;1,99;2,2;2,52;3,86;3,46;3,31;2,71
71;2021-11-12 21:00:00;0,6699999952316285;2,399999961853027;2,21;2,72;1,9599999618530275;3,0700000000000003;1,49;1,16;2,23;2,07;2,54;1,92;2,33;2,12;2,77;2,52;2,95;1,79;2,2299999809265136;2,8199999618530276;1,95;2,35;2,79;1,58;1,1300000000000001;2,68;1,9899999618530273;2,21;2,5299999618530276;4,349999961853028;3,7299999809265136;3,2800000000000002;2,79
72;2021-11-13 00:00:00;0,64;2,38;2,2899999618530273;2,649999961853027;2,02;3,049999980926514;1,53;1,31;2,25;2,05;2,69;1,96;2,36;2,05;2,62;2,49;2,84;1,79;2,17;2,77;1,9099999618530275;2,4999999618530273;2,79;1,61;1,1599999618530275;2,58;2,0299999618530276;2,1899999618530273;2,44;4,36;3,4999999809265137;3,27;2,6999999618530275
73;2021-11-13 03:00:00;0,61;2,379999961853027;2,31;2,399999961853027;2,0199999618530273;3,27;1,59;1,61;2,2099999618530273;1,95;2,7299999618530273;2,05;2,38;2,02;2,49;2,46;2,7399999618530275;1,8199999809265137;2,1299999809265135;2,7800000000000002;1,8599999618530274;2,59;2,67;1,71;1,27;2,45;2,07;2,1799999618530275;2,32;4,409999980926513;3,24;3,39;2,57
74;2021-11-13 06:00:00;0,55;2,34;2,27;2,22;2,0100000000000002;3,44;1,67;1,94;2,16;1,8800000000000001;2,66;2,05;2,3000000000000003;1,95;2,4099999618530275;2,4099999618530275;2,62;1,85;2,16;2,81;1,8299999618530274;2,59;2,5199999809265137;1,79;1,3900000000000001;2,41;2,06;2,16;2,23;4,049999980926514;3,0100000000000002;3,37;2,45
75;2021-11-13 09:00:00;0,49;2,32;2,19;2,11;2,0499999618530276;3,43;1,8;2,33;2,11;1,9099999809265138;2,57;1,95;2,21;1,8800000000000001;2,4;2,44;2,5099999618530275;1,87;2,299999980926514;2,799999980926514;1,8;2,7;2,3999999809265136;1,85;1,51;2,3099999618530274;2,0300000000000002;2,13;2,13;3,74;2,88;3,24;2,35
76;2021-11-13 12:00:00;0,46;2,31;2,0999999809265137;2,04;2,09;3,3099999809265137;2,05;2,6;2,04;1,96;2,48;1,85;2,18;1,9000000000000001;2,49;2,37;2,47;1,9099999809265138;2,34;2,8000000000000003;1,77;2,86;2,32;1,8900000000000001;1,6600000000000001;2,2099999618530273;1,98;2,09;2,05;3,69;2,69;3,18;2,2599999618530275
77;2021-11-13 15:00:00;0,4299999904632568;2,31;2,0300000000000002;2,04;2,07;3,19;2,31;2,72;1,95;1,95;2,39;1,84;2,15;2,22;2,59;2,2600000000000002;2,39;1,95;2,39;2,82;1,75;2,94;2,27;1,93;1,8599999952316284;2,1699999618530272;1,97;2,14;1,9699999809265136;3,48;2,5500000000000003;3,19;2,16
78;2021-11-13 18:00:00;0,43;2,33;1,99;2,16;2,0;3,0699999618530276;2,5100000000000002;2,72;1,8899999618530274;1,93;2,29;1,96;2,24;2,39;2,5999999618530274;2,24;2,32;1,9499999809265136;2,39;2,87;1,73;3,22;2,24;1,9499999618530275;1,99;2,15;2,02;2,29;1,9099999618530275;3,21;2,63;3,31;2,129999961853027
79;2021-11-13 21:00:00;0,44;2,35;1,92;2,23;1,93;3,02;2,67;2,64;1,95;1,8900000000000001;2,23;2,13;2,54;2,3099999618530274;2,5999999618530274;2,3099999618530274;2,39;1,92;2,279999980926514;2,8899999618530274;1,73;3,4399999618530273;2,25;1,98;2,0300000000000002;2,18;2,0499999618530276;2,4399999618530273;1,8900000000000001;3,0;2,5500000000000003;3,44;2,0999999618530274
80;2021-11-14 00:00:00;0,46;2,37;1,8900000000000001;2,14;1,96;3,0;2,81;2,5;2,02;1,83;2,17;2,27;2,7;2,25;2,59;2,4;2,399999961853027;1,8900000000000001;2,14;2,88;1,76;3,68;2,2800000000000002;2,0300000000000002;2,06;2,1699999618530272;2,2099999618530273;2,52;1,87;2,86;2,72;3,46;2,12
81;2021-11-14 03:00:00;;;;;;;;;;;;;;;;;;;;;;;;;;;;;;;;;
82;2021-11-14 06:00:00;0,45;2,34;1,8599999618530274;2,15;1,85;2,88;2,77;2,2600000000000002;1,94;1,78;2,02;2,2099999618530273;2,77;2,11;2,39;2,609999961853027;2,1899999618530273;1,9000000000000001;1,96;2,7600000000000002;1,76;3,79;2,2600000000000002;2,21;1,96;2,2600000000000002;2,5300000000000002;2,57;1,9599999618530275;2,7800000000000002;2,58;3,25;2,15
83;2021-11-14 09:00:00;;;;;;;;;;;;;;;;;;;;;;;;;;;;;;;;;
84;2021-11-14 12:00:00;0,4299999904632568;2,33;1,84;2,269999990463257;1,74;2,87;2,4999999809265137;2,21;1,97;1,849999990463257;1,8800000000000001;2,0300000000000002;2,5399999809265137;2,05;2,22;2,6;2,029999980926514;2,09;1,8899999809265138;2,8000000000000003;1,8299999809265137;3,69;2,2600000000000002;2,4;1,81;2,58;2,57;2,64;2,5199999809265137;2,7699999809265137;2,41;3,1;2,39
85;2021-11-14 15:00:00;;;;;;;;;;;;;;;;;;;;;;;;;;;;;;;;;
86;2021-11-14 18:00:00;0,39;2,36;1,84;2,4799999618530273;1,95;2,86;2,32;2,31;2,2099999809265136;1,92;1,83;1,9699999809265136;2,39;1,96;2,14;2,54;2,0;2,39;2,12;2,82;1,9499999618530275;3,379999961853027;2,29;2,39;1,79;2,7999999618530276;2,61;2,69;2,98;2,72;2,2799999618530276;2,9399999618530273;2,33
87;2021-11-14 21:00:00;;;;;;;;;;;;;;;;;;;;;;;;;;;;;;;;;
88;2021-11-15 00:00:00;0,36;2,4299999618530275;1,87;2,45;2,16;2,83;2,36;2,5399999618530273;2,39;2,73;1,99;2,0999999618530274;2,2;1,8199999618530274;2,18;2,5899999618530276;2,12;2,7600000000000002;2,02;2,68;2,22;3,129999961853027;2,52;2,3499999904632567;1,8399999809265137;3,0;2,5199999618530273;2,82;3,11;2,7799999618530276;2,1799999618530275;2,7699999618530273;2,2799999618530276
89;2021-11-15 03:00:00;;;;;;;;;;;;;;;;;;;;;;;;;;;;;;;;;
90;2021-11-15 06:00:00;0,4;2,449999980926514;1,79;2,2699999809265137;2,08;2,65;2,449999980926514;2,49;2,29;3,64;2,0100000000000002;2,0699999809265135;2,19;2,12;2,29;2,58;2,1699999618530272;2,92;2,04;2,5500000000000003;2,2800000000000002;2,9;2,83;2,5100000000000002;1,86;2,9;2,409999980926514;2,8000000000000003;3,02;2,83;2,05;2,66;2,2800000000000002
91;2021-11-15 09:00:00;;;;;;;;;;;;;;;;;;;;;;;;;;;;;;;;;
92;2021-11-15 12:00:00;0,3699999904632568;2,4;1,909999990463257;2,05;2,06;;2,32;2,37;2,0799999952316286;3,5799999809265137;1,8499999952316284;2,22;2,27;2,229999990463257;2,22;2,8000000000000003;2,17;2,8000000000000003;1,9999999809265137;2,44;2,21;2,65;2,77;2,62;2,06;2,72;2,309999990463257;2,68;3,1;2,66;1,93;2,48;2,34
93;2021-11-15 15:00:00;;;;;;;;;;;;;;;;;;;;;;;;;;;;;;;;;
94;2021-11-15 18:00:00;0,33;2,3399999809265135;2,08;1,94;2,2199999952316283;2,31;2,17;2,67;1,96;3,0;1,85;2,44;2,33;2,18;2,149999990463257;2,7499999809265137;2,33;2,4;1,8900000000000001;2,33;2,21;2,4199999809265136;2,5500000000000003;2,59;1,97;2,62;2,1899999952316285;2,46;3,3599999618530276;2,54;1,8299999618530274;2,41;2,2800000000000002
95;2021-11-15 21:00:00;;;;;;;;;;;;;;;;;;;;;;;;;;;;;;;;;
96;2021-11-16 00:00:00;0,40999999046325686;2,41;2,2800000000000002;2,11;2,3899999904632567;2,21;2,29;2,5599999618530274;2,07;3,629999990463257;1,8900000000000001;2,87;2,32;2,21;2,7600000000000002;2,88;2,39;2,41;1,76;2,2800000000000002;2,19;2,43;2,37;2,5999999904632567;2,09;2,5300000000000002;2,31;2,3000000000000003;3,5300000000000002;2,5500000000000003;1,71;2,43;2,2699999618530273
97;2021-11-16 03:00:00;;;;;;;;;;;;;;;;;;;;;;;;;;;;;;;;;
98;2021-11-16 06:00:00;0,41000000000000003;2,39;2,4;2,16;2,5;2,17;2,35;2,37;2,019999990463257;2,73;2,08;3,45;2,11;2,2;3,13;2,85;2,31;2,86;1,6400000000000001;2,18;2,14;2,2600000000000002;2,2800000000000002;2,84;2,08;2,49;2,33;2,48;3,2599999618530275;2,36;1,62;2,2800000000000002;2,22
99;2021-11-16 09:00:00;;;;;;;;;;;;;;;;;;;;;;;;;;;;;;;;;
100;2021-11-16 12:00:00;0,46;2,319999980926514;2,38;2,19;2,46;2,16;2,2999999952316283;;1,93;2,46;2,17;3,9799999618530273;1,9100000000000001;2,2;2,84;3,0100000000000002;2,24;2,9599999809265136;1,6300000000000001;1,9699999809265136;2,0299999618530276;2,13;2,2699999809265137;2,82;1,98;2,359999990463257;2,04;2,32;2,9;2,24;1,57;2,2299999952316285;1,9499999809265136
101;2021-11-16 15:00:00;;;;;;;;;;;;;;;;;;;;;;;;;;;;;;;;;
102;2021-11-16 18:00:00;0,46999999046325686;2,2600000000000002;2,16;2,229999990463257;2,38;2,07;2,24;;1,8800000000000001;2,4;1,85;3,49;1,82;2,15;2,6199999618530274;3,84;2,0799999809265137;2,719999980926514;1,6;1,8899999809265138;2,1;2,1199999809265138;2,2600000000000002;2,94;2,02;2,4;1,92;2,14;2,42;2,19;1,56;2,32;2,0300000000000002
103;2021-11-16 21:00:00;;;;;;;;;;;;;;;;;;;;;;;;;;;;;;;;;
104;2021-11-17 00:00:00;0,5299999904632569;2,2800000000000002;2,11;2,299999980926514;2,52;2,0299999618530276;2,2299999809265136;2,05;1,85;2,44;1,82;3,68;1,82;2,52;2,47;4,279999961853028;1,8900000000000001;2,45;1,67;1,9100000000000001;2,2800000000000002;2,2;2,5;2,699999990463257;2,21;2,4;1,98;1,92;2,2899999809265137;2,08;1,54;2,35;2,2499999809265137
105;2021-11-17 03:00:00;;;;;;;;;;;;;;;;;;;;;;;;;;;;;;;;;
106;2021-11-17 06:00:00;0,5199999904632568;2,27;2,04;2,3899999904632567;2,5100000000000002;1,94;2,07;1,9999999952316285;1,7899999952316286;2,42;1,97;4,21;1,8899999809265138;2,5300000000000002;2,43;3,699999980926514;2,08;2,33;1,6499999809265138;1,97;2,15;2,2;2,45;2,32;2,3999999952316284;2,16;2,05;1,92;2,56;1,95;1,5599999809265137;2,21;2,44
107;2021-11-17 09:00:00;;;;;;;;;;;;;;;;;;;;;;;;;;;;;;;;;
108;2021-11-17 12:00:00;0,51;2,219999990463257;1,9000000000000001;2,24;2,33;1,8800000000000001;1,94;1,9100000000000001;1,68;2,2399999952316283;2,049999980926514;4,089999980926514;1,82;2,5799999904632567;2,1699999809265136;3,279999990463257;2,13;2,14;1,6500000000000001;1,889999990463257;2,0;2,14;2,59;2,59;2,46;2,05;2,0299999952316283;2,0300000000000002;3,04;1,84;1,47;2,32;2,4199999952316285
109;2021-11-17 15:00:00;;;;;;;;;;;;;;;;;;;;;;;;;;;;;;;;;
110;2021-11-17 18:00:00;0,55;2,18;1,68;2,2699999952316285;2,02;1,8399999618530274;1,82;1,9299999809265138;1,62;2,12;1,87;3,6899999809265136;1,7;2,65;1,8800000000000001;3,34;2,0899999952316284;2,05;1,5899999809265137;1,9000000000000001;2,04;2,06;2,5100000000000002;3,25;2,15;2,18;1,9999999952316285;2,0;3,44;1,74;1,34;2,4299999904632568;2,23
111;2021-11-17 21:00:00;;;;;;;;;;;;;;;;;;;;;;;;;;;;;;;;;
112;2021-11-18 00:00:00;0,54;2,22;1,48;2,72;1,93;2,0499999618530276;1,69;2,2;1,8;2,05;1,93;3,439999990463257;1,8099999809265137;2,8499999618530274;1,81;3,22;2,0999999809265137;2,0100000000000002;1,6300000000000001;2,13;2,14;2,1899999618530273;2,32;3,4;2,279999990463257;2,43;1,97;2,1099999809265135;3,36;1,7199999809265136;1,3999999952316284;2,59;2,08
113;2021-11-18 03:00:00;;;;;;;;;;;;;;;;;;;;;;;;;;;;;;;;;
114;2021-11-18 06:00:00;0,47000000000000003;2,22;1,42;2,54;1,9000000000000001;2,61;1,6400000000000001;2,23;1,82;1,99;1,9000000000000001;3,37;1,83;2,83;1,86;3,0;2,63;1,94;1,69;2,35;2,4499999618530275;2,2600000000000002;2,1;2,84;2,24;2,27;1,82;2,2800000000000002;3,0500000000000003;1,609999990463257;1,67;2,58;2,0100000000000002
115;2021-11-18 09:00:00;;;;;;;;;;;;;;;;;;;;;;;;;;;;;;;;;
116;2021-11-18 12:00:00;0,39;2,16;;2,1999999952316283;1,93;2,62;1,6299999809265138;2,08;1,81;1,85;2,009999990463257;3,0;1,7199999952316285;2,8699999618530274;2,04;2,64;2,45;1,82;1,6600000000000001;2,3000000000000003;2,529999980926514;2,1899999809265136;1,9699999904632568;2,68;2,42;2,11;1,6799999904632568;2,29;2,69;1,5;1,8800000000000001;2,5899999952316284;1,8900000000000001
117;2021-11-18 15:00:00;;;;;;;;;;;;;;;;;;;;;;;;;;;;;;;;;
118;2021-11-18 18:00:00;0,36;2,13;2,16;2,04;2,06;2,41;1,84;2,0199999809265137;2,19;1,7599999809265137;1,9899999809265136;2,7;1,609999990463257;2,94;2,3000000000000003;2,449999980926514;2,1599999952316287;1,8;1,59;2,4;2,7899999809265137;2,06;1,84;2,5500000000000003;2,29;1,94;1,84;2,19;2,43;1,46;1,83;2,58;1,75
119;2021-11-18 21:00:00;;;;;;;;;;;;;;;;;;;;;;;;;;;;;;;;;
120;2021-11-19 00:00:00;0,36;2,18;2,13;2,23;2,109999990463257;2,4199999618530272;1,8799999809265138;1,93;2,59;1,9799999809265136;2,56;2,27;1,55;3,22;2,15;2,58;2,17;1,99;1,84;2,69;2,4999999618530273;2,04;1,84;2,34;2,069999990463257;1,8;2,0899999809265135;2,44;2,24;1,54;1,92;2,63;1,71
121;2021-11-19 03:00:00;;;;;;;;;;;;;;;;;;;;;;;;;;;;;;;;;
122;2021-11-19 06:00:00;0,41000000000000003;2,22;1,96;2,17;2,04;2,3499999809265137;2,13;1,8;3,4199999809265136;2,25;2,91;2,14;1,68;2,83;2,0;2,74;2,14;1,97;2,11;2,81;2,37;2,05;1,94;2,25;2,48;1,6500000000000001;2,3000000000000003;2,46;2,049999980926514;1,6;1,99;2,5;1,61
123;2021-11-19 09:00:00;;;;;;;;;;;;;;;;;;;;;;;;;;;;;;;;;
124;2021-11-19 12:00:00;0,49;2,219999980926514;1,85;1,94;2,12;2,2600000000000002;2,15;1,87;3,4599999809265136;2,39;3,7;2,02;1,75;2,52;1,84;2,5899999952316284;2,06;1,87;2,49;2,8000000000000003;2,2800000000000002;1,99;1,87;2,1599999952316287;2,97;1,53;2,15;2,4999999952316285;1,8900000000000001;1,97;1,9599999904632568;2,44;1,46
125;2021-11-19 15:00:00;;;;;;;;;;;;;;;;;;;;;;;;;;;;;;;;;
126;2021-11-19 18:00:00;0,58;2,25;1,72;1,859999990463257;2,54;2,47;2,29;2,0599999809265137;2,52;2,46;4,66;1,9000000000000001;1,85;2,35;1,74;2,59;2,0499999952316283;1,7999999618530274;3,0700000000000003;2,7600000000000002;2,15;2,02;1,9899999952316285;2,459999990463257;2,7600000000000002;1,44;2,06;2,52;1,81;2,13;1,86;2,35;1,47
127;2021-11-19 21:00:00;;;;;;;;;;;;;;;;;;;;;;;;;;;;;;;;;
128;2021-11-20 00:00:00;0,56;2,2299999809265136;1,6599999809265138;;2,8000000000000003;2,5399999809265137;2,22;2,0300000000000002;2,61;2,3999999809265136;4,46;1,8;1,82;2,16;1,6600000000000001;2,5;2,08;1,75;3,0300000000000002;2,46;2,0;2,22;2,06;2,62;2,489999980926514;1,4000000000000001;1,7399999618530273;2,6099999809265135;1,85;2,22;2,02;2,46;1,4899999809265136
